customer_id,date,amount,channel
200794,2023-01-25,63.97,web
200241,2023-12-09,28.3,web
200291,2023-03-31,17.31,web
200729,2023-12-28,8.75,web
200594,2023-09-24,53.16,web
200438,2023-05-11,41.26,store
200860,2023-04-21,58.58,web
200686,2023-12-12,-33.0,web
200265,2023-12-30,57.82,partner
200549,2023-08-12,47.89,callcenter
200356,2023-01-18,34.11,callcenter
200374,2023-11-27,62.06,store
200724,2023-06-24,3.63,web
200611,2023-01-11,24.64,partner
200011,2023-10-20,-82.59,store
200517,2023-01-13,18.17,callcenter
200582,2023-05-16,38.68,web
200459,2023-01-28,54.35,web
200269,2023-06-09,27.33,web
200583,2023-10-21,54.85,web
200852,2023-02-17,42.29,store
200077,2023-02-20,189.16,callcenter
200542,2023-12-16,62.87,web
200819,2023-03-06,42.32,web
200360,2023-02-11,4.76,web
200301,2023-08-02,19.5,web
200222,2023-04-11,13.9,callcenter
200202,2023-12-16,92.4,web
200351,2023-03-01,12.31,web
200694,2023-07-26,26.97,web
200163,2023-12-03,46.01,web
200208,2023-09-25,22.62,store
200898,2023-01-11,25.78,web
200896,2023-03-10,42.32,partner
200204,2023-02-15,18.17,store
200378,2023-11-30,38.53,web
200363,2023-03-15,60.65,web
200266,2023-01-21,20.65,web
200137,2023-05-20,13.42,web
200055,2023-04-14,105.99,web
200552,2023-03-01,107.01,web
200037,2023-06-15,32.98,web
200558,2023-11-25,37.66,web
200085,2023-03-24,37.41,store
200138,2023-12-25,24.42,store
200004,2023-08-31,32.33,web
200358,2023-05-20,4.87,web
200294,2023-09-05,9.75,callcenter
200299,2023-05-08,25.91,web
200279,2023-03-19,20.82,web
200844,2023-03-27,-11.25,web
200387,2023-01-04,32.24,web
200728,2023-08-25,56.01,web
200209,2023-01-28,-18.19,callcenter
200434,2023-03-14,42.33,store
200056,2023-01-01,26.47,store
200232,2023-01-24,62.73,callcenter
200064,2023-11-27,8.94,web
200018,2023-01-09,12.83,partner
200163,2023-08-15,25.23,callcenter
200143,2023-04-30,15.53,store
200284,2023-02-20,76.44,partner
200669,2023-04-20,9.49,partner
200133,2023-02-03,24.52,web
200549,2023-04-25,122.01,web
200328,2023-10-26,8.73,store
200362,2023-08-15,34.77,store
200829,2023-10-24,26.89,web
200418,2023-09-12,47.04,web
200235,2023-12-05,-43.6,web
200214,2023-02-09,41.54,web
200151,2023-02-28,65.77,web
200721,2023-05-31,64.58,web
200598,2023-07-10,20.59,web
200240,2023-10-14,19.92,callcenter
200441,2023-02-14,54.24,web
200454,2023-02-10,38.74,callcenter
200042,2023-10-18,44.32,web
200817,2023-07-20,35.18,web
200709,2023-05-31,23.12,store
200481,2023-03-23,52.27,callcenter
200643,2023-09-11,17.44,store
200098,2023-10-20,123.78,partner
200879,2023-01-12,115.88,web
200576,2023-01-20,142.67,web
200844,2023-10-11,40.68,partner
200777,2023-11-19,25.68,web
200525,2023-03-25,88.93,web
200259,2023-09-15,35.79,web
200617,2023-11-04,62.67,store
200461,2023-02-11,62.36,web
200368,2023-03-09,17.88,web
200640,2023-02-17,51.39,web
200799,2023-10-16,60.43,web
200154,2023-10-09,32.54,web
200497,2023-02-18,9.65,web
200700,2023-03-05,90.35,store
200292,2023-08-31,121.95,web
200307,2023-11-24,37.56,store
200008,2023-10-12,27.66,web
200290,2023-03-03,7.96,web
200527,2023-05-21,39.14,store
200874,2023-01-25,24.22,web
200472,2023-03-31,7.92,web
200261,2023-07-25,66.41,web
200730,2023-05-06,53.38,web
200168,2023-08-10,21.65,web
200168,2023-04-19,106.53,store
200469,2023-07-25,33.71,web
200733,2023-08-20,38.1,web
200191,2023-03-13,30.1,web
200013,2023-01-17,72.85,web
200651,2023-05-04,52.01,web
200528,2023-01-16,4.81,web
200617,2023-02-28,35.65,web
200357,2023-04-16,61.96,web
200106,2023-05-04,7.95,web
200298,2023-04-12,61.5,callcenter
200422,2023-01-20,52.87,store
200389,2023-03-06,15.12,store
200800,2023-11-19,29.28,web
200201,2023-09-19,11.02,web
200280,2023-06-12,21.91,web
200165,2023-01-09,28.9,web
200513,2023-05-11,56.32,store
200724,2023-12-04,64.45,partner
200794,2023-10-23,41.96,web
200204,2023-10-04,27.9,web
200386,2023-04-01,60.15,store
200663,2023-05-28,38.2,web
200041,2023-01-11,45.48,store
200640,2023-11-10,66.71,store
200120,2023-02-11,57.61,partner
200030,2023-08-14,45.26,web
200101,2023-04-13,51.97,web
200792,2023-07-28,21.55,store
200612,2023-10-29,19.14,web
200710,2023-04-25,120.84,partner
200621,2023-01-07,18.24,web
200716,2023-08-31,67.19,web
200446,2023-07-14,27.58,web
200728,2023-02-20,56.02,store
200050,2023-01-18,4.22,web
200524,2023-07-11,10.22,web
200679,2023-08-12,69.93,web
200894,2023-02-12,7.08,store
200323,2023-08-07,21.82,partner
200161,2023-06-12,91.67,web
200648,2023-02-20,64.51,web
200065,2023-08-13,26.38,store
200698,2023-08-24,18.31,store
200633,2023-02-26,101.24,web
200621,2023-09-03,19.74,web
200264,2023-03-23,44.06,store
200108,2023-08-06,86.33,store
200547,2023-10-24,49.78,web
200326,2023-12-09,86.47,web
200352,2023-04-04,25.52,store
200168,2023-05-04,13.83,web
200300,2023-02-04,57.68,store
200748,2023-12-20,79.96,store
200803,2023-05-01,52.05,web
200314,2023-10-20,16.11,web
200127,2023-12-08,156.18,web
200030,2023-06-23,11.04,store
200170,2023-09-11,40.67,partner
200008,2023-06-22,86.06,callcenter
200601,2023-07-30,37.74,partner
200578,2023-04-02,58.33,store
200704,2023-11-03,6.49,partner
200299,2023-02-14,56.68,web
200748,2023-08-29,15.26,partner
200152,2023-12-02,41.17,web
200208,2023-10-24,10.72,store
200824,2023-10-04,60.65,web
200793,2023-08-28,51.44,web
200538,2023-12-12,40.79,web
200548,2023-11-12,71.31,web
200630,2023-04-11,55.27,store
200740,2023-08-16,10.37,partner
200208,2023-06-06,69.91,partner
200061,2023-04-07,55.89,web
200166,2023-10-26,18.24,store
200321,2023-01-16,36.46,web
200212,2023-02-16,24.66,web
200472,2023-02-08,131.48,partner
200124,2023-03-15,13.59,web
200519,2023-07-07,25.67,partner
200639,2023-12-10,34.51,web
200089,2023-12-21,39.77,partner
200258,2023-11-25,26.4,store
200484,2023-10-05,38.96,web
200059,2023-06-17,52.17,web
200598,2023-10-11,19.9,web
200678,2023-04-08,26.43,web
200325,2023-08-31,112.75,store
200008,2023-01-04,71.03,store
200450,2023-11-26,69.85,web
200782,2023-12-21,9.88,web
200263,2023-09-26,125.05,web
200764,2023-03-05,33.49,store
200783,2023-04-05,75.39,web
200252,2023-09-28,41.47,store
200539,2023-07-02,6.31,store
200037,2023-07-19,27.52,web
200496,2023-05-28,71.76,web
200791,2023-11-02,73.21,web
200849,2023-03-02,42.76,partner
200179,2023-06-11,13.13,web
200598,2023-03-23,76.88,web
200059,2023-09-10,19.87,store
200251,2023-04-15,41.2,web
200751,2023-04-20,54.51,web
200577,2023-03-05,58.35,web
200352,2023-11-12,53.12,web
200865,2023-03-21,17.26,store
200682,2023-11-14,25.5,partner
200021,2023-12-01,16.82,partner
200071,2023-12-18,61.64,web
200563,2023-05-06,55.73,web
200789,2023-08-28,19.41,web
200141,2023-10-30,68.21,web
200484,2023-01-29,67.94,store
200734,2023-01-24,84.25,web
200776,2023-03-17,54.34,web
200576,2023-12-25,56.87,web
200899,2023-02-02,27.05,web
200843,2023-10-07,-32.53,store
200750,2023-11-03,-78.75,callcenter
200602,2023-11-27,22.55,store
200886,2023-07-12,17.96,web
200015,2023-07-11,57.29,web
200080,2023-09-28,5.16,store
200459,2023-08-20,21.45,partner
200603,2023-10-15,86.48,store
200813,2023-05-12,98.43,web
200610,2023-12-07,73.35,store
200209,2023-06-07,39.81,web
200817,2023-04-01,18.06,web
200074,2023-10-02,10.4,callcenter
200085,2023-08-15,28.72,partner
200647,2023-01-19,10.59,web
200867,2023-03-02,121.68,store
200452,2023-01-14,27.54,web
200121,2023-07-30,30.31,web
200042,2023-11-16,65.21,partner
200881,2023-04-28,8.79,partner
200251,2023-02-10,30.98,web
200575,2023-11-07,37.35,store
200294,2023-09-21,10.9,web
200193,2023-07-18,16.94,web
200601,2023-03-14,22.92,callcenter
200665,2023-09-03,75.29,store
200424,2023-05-14,96.41,store
200456,2023-03-31,52.16,web
200438,2023-04-18,35.23,store
200532,2023-01-23,86.65,callcenter
200725,2023-06-28,68.5,web
200639,2023-10-02,146.35,web
200250,2023-10-29,7.26,web
200222,2023-09-22,38.33,web
200605,2023-11-16,23.98,web
200580,2023-12-18,8.68,store
200330,2023-03-23,38.64,web
200754,2023-06-08,136.65,callcenter
200376,2023-05-04,14.35,web
200302,2023-09-07,182.22,partner
200500,2023-11-02,-69.62,callcenter
200173,2023-11-21,89.01,web
200626,2023-02-02,88.57,web
200807,2023-07-07,52.38,partner
200850,2023-02-12,27.29,web
200402,2023-05-01,10.52,web
200242,2023-06-25,14.55,web
200431,2023-08-15,57.44,web
200093,2023-10-16,-28.22,store
200601,2023-12-30,16.21,store
200385,2023-05-03,46.13,callcenter
200109,2023-07-24,50.14,store
200492,2023-01-26,65.42,web
200646,2023-02-10,19.44,store
200205,2023-12-20,35.13,web
200364,2023-12-09,19.94,web
200801,2023-12-09,12.35,web
200638,2023-04-06,78.99,web
200718,2023-08-26,75.32,web
200404,2023-03-25,7.56,web
200444,2023-09-06,40.09,web
200447,2023-06-26,-86.99,partner
200405,2023-12-07,67.03,web
200129,2023-05-17,17.6,partner
200036,2023-08-24,93.66,partner
200749,2023-08-29,87.07,partner
200483,2023-10-15,48.89,web
200479,2023-01-19,31.17,web
200536,2023-06-19,17.37,web
200371,2023-06-15,38.42,web
200802,2023-03-25,-102.92,web
200422,2023-10-21,17.98,web
200450,2023-10-31,109.14,store
200478,2023-01-30,64.76,store
200141,2023-09-07,38.39,web
200156,2023-11-11,87.6,web
200162,2023-04-16,37.52,store
200228,2023-08-19,33.12,store
200143,2023-08-16,76.62,store
200201,2023-01-07,39.65,partner
200844,2023-10-26,37.61,store
200324,2023-10-01,23.5,web
200714,2023-04-09,32.58,web
200353,2023-04-25,118.08,web
200742,2023-10-08,2.68,web
200677,2023-10-20,17.5,partner
200756,2023-01-27,20.53,store
200259,2023-05-12,35.32,store
200086,2023-08-17,30.93,web
200277,2023-02-16,44.46,store
200631,2023-12-31,4.64,web
200588,2023-03-18,43.95,web
200633,2023-11-13,117.46,store
200894,2023-01-24,39.62,web
200202,2023-11-16,31.81,web
200399,2023-01-15,36.04,web
200441,2023-09-06,28.49,web
200134,2023-05-12,64.73,web
200596,2023-06-18,49.34,store
200044,2023-02-09,46.87,web
200807,2023-09-05,87.59,web
200079,2023-08-16,65.21,web
200099,2023-04-28,2.68,web
200156,2023-06-22,27.99,store
200802,2023-07-21,11.72,partner
200775,2023-09-09,19.92,store
200830,2023-07-16,23.87,store
200749,2023-01-22,-19.33,store
200831,2023-07-18,67.28,web
200424,2023-05-08,59.73,store
200004,2023-05-31,27.89,web
200394,2023-05-16,58.14,web
200198,2023-05-09,52.87,store
200220,2023-03-28,42.12,store
200622,2023-05-01,34.33,web
200150,2023-09-18,72.19,callcenter
200289,2023-03-24,37.57,web
200353,2023-10-05,45.84,web
200054,2023-06-10,43.55,web
200631,2023-08-11,24.62,store
200686,2023-02-12,-23.5,callcenter
200502,2023-03-17,32.55,store
200025,2023-11-26,66.45,web
200708,2023-10-31,35.25,web
200401,2023-01-26,-5.99,web
200239,2023-11-26,49.18,store
200852,2023-11-02,25.55,callcenter
200773,2023-02-20,19.14,partner
200396,2023-03-30,62.11,web
200398,2023-03-06,61.8,web
200820,2023-11-08,42.39,web
200172,2023-11-08,30.75,web
200368,2023-09-20,26.43,callcenter
200513,2023-04-02,11.86,web
200312,2023-12-03,2.74,partner
200284,2023-11-06,27.97,web
200096,2023-11-14,28.47,store
200240,2023-05-12,17.99,callcenter
200322,2023-09-13,-87.32,store
200753,2023-09-04,24.8,store
200303,2023-02-25,42.01,web
200145,2023-08-01,48.58,web
200761,2023-07-20,53.49,web
200316,2023-08-02,22.26,web
200827,2023-05-05,30.09,store
200098,2023-09-02,38.95,web
200019,2023-11-20,22.37,web
200829,2023-08-09,81.76,store
200088,2023-11-15,152.35,partner
200007,2023-10-09,47.59,callcenter
200578,2023-04-25,47.25,web
200285,2023-09-26,77.82,web
200436,2023-09-03,66.73,web
200367,2023-12-11,37.7,callcenter
200267,2023-05-04,112.38,store
200433,2023-03-01,23.29,callcenter
200233,2023-09-05,62.54,partner
200202,2023-08-19,29.89,web
200202,2023-08-13,51.68,web
200106,2023-09-28,27.57,web
200472,2023-07-06,109.96,web
200493,2023-01-12,80.44,callcenter
200015,2023-11-17,49.8,web
200413,2023-04-12,67.49,store
200664,2023-03-31,18.07,web
200001,2023-10-25,9.94,store
200270,2023-10-19,22.57,web
200864,2023-07-04,107.89,web
200384,2023-09-09,27.48,store
200014,2023-01-30,70.5,web
200474,2023-04-13,32.06,callcenter
200369,2023-03-30,33.63,store
200190,2023-06-03,27.8,web
200066,2023-05-11,26.31,web
200795,2023-01-26,67.03,web
200731,2023-09-09,26.64,web
200613,2023-08-07,26.05,web
200015,2023-05-19,38.03,web
200783,2023-11-21,30.15,partner
200425,2023-05-12,19.43,callcenter
200427,2023-02-13,61.97,web
200789,2023-11-06,44.72,store
200389,2023-02-18,25.28,web
200212,2023-01-27,19.48,web
200213,2023-06-23,78.88,web
200834,2023-07-31,13.11,web
200490,2023-04-13,56.4,web
200521,2023-11-03,5.73,store
200533,2023-04-12,40.91,web
200198,2023-12-18,41.78,partner
200377,2023-08-22,10.99,web
200856,2023-03-09,11.89,store
200130,2023-05-30,42.85,web
200856,2023-01-28,11.55,web
200245,2023-11-05,90.34,web
200266,2023-08-25,25.54,web
200012,2023-06-06,100.96,store
200597,2023-09-05,86.64,web
200287,2023-08-13,34.67,store
200413,2023-08-07,43.9,web
200522,2023-05-26,75.69,web
200570,2023-05-09,15.23,web
200860,2023-04-04,27.44,web
200500,2023-10-15,99.28,web
200160,2023-06-22,69.78,web
200633,2023-06-21,31.43,partner
200049,2023-09-20,44.18,web
200759,2023-07-13,21.99,web
200266,2023-12-14,29.36,web
200650,2023-03-29,55.77,partner
200141,2023-01-16,29.44,web
200366,2023-06-03,62.12,web
200625,2023-07-14,11.55,callcenter
200559,2023-10-27,55.32,partner
200005,2023-08-21,16.84,web
200031,2023-12-09,33.93,web
200882,2023-02-01,20.9,web
200475,2023-07-16,55.42,partner
200770,2023-10-30,12.72,store
200065,2023-07-03,62.64,web
200441,2023-04-11,37.73,web
200518,2023-10-08,31.73,web
200828,2023-11-16,23.32,store
200639,2023-04-05,27.05,store
200565,2023-07-21,85.35,web
200264,2023-10-21,22.92,store
200894,2023-02-25,85.77,store
200294,2023-01-05,104.55,store
200250,2023-09-27,-31.18,web
200651,2023-10-02,-9.93,callcenter
200897,2023-02-27,71.97,web
200771,2023-08-06,71.43,store
200162,2023-09-20,86.6,web
200733,2023-12-18,35.79,store
200318,2023-10-22,47.43,store
200199,2023-03-22,26.78,web
200841,2023-07-30,25.87,web
200854,2023-09-25,45.7,web
200333,2023-04-09,76.16,web
200023,2023-03-01,65.16,web
200188,2023-06-09,38.98,web
200487,2023-09-20,80.46,callcenter
200053,2023-07-12,13.01,web
200204,2023-08-09,162.18,web
200134,2023-09-01,14.33,web
200856,2023-12-15,36.65,store
200319,2023-08-20,45.18,store
200342,2023-02-19,46.43,store
200379,2023-05-27,75.16,store
200011,2023-03-04,19.05,web
200488,2023-10-04,48.66,callcenter
200821,2023-12-30,61.56,store
200732,2023-10-09,82.49,store
200225,2023-03-31,30.92,store
200012,2023-09-12,42.23,web
200696,2023-01-08,38.14,store
200757,2023-04-10,59.52,store
200829,2023-04-21,59.79,partner
200519,2023-06-21,29.95,callcenter
200426,2023-04-27,37.61,web
200680,2023-06-07,39.68,store
200621,2023-01-04,16.5,web
200681,2023-10-26,50.59,partner
200255,2023-05-25,-49.21,store
200812,2023-10-22,16.65,callcenter
200033,2023-01-22,52.98,store
200084,2023-11-13,177.04,store
200589,2023-08-17,20.91,web
200514,2023-03-26,16.5,store
200498,2023-10-02,61.02,web
200818,2023-10-01,29.8,web
200783,2023-09-23,75.32,web
200647,2023-11-14,36.3,web
200148,2023-12-15,24.42,partner
200086,2023-03-02,35.86,store
200125,2023-04-14,59.78,web
200552,2023-01-15,58.39,store
200641,2023-01-25,11.75,web
200719,2023-02-08,59.66,web
200092,2023-09-10,40.53,web
200247,2023-08-10,42.99,web
200304,2023-01-13,50.61,partner
200569,2023-06-03,16.24,store
200041,2023-02-10,11.3,store
200756,2023-03-13,12.12,store
200072,2023-01-21,72.23,web
200471,2023-07-12,71.83,store
200839,2023-01-30,3.82,store
200174,2023-10-14,37.54,web
200618,2023-12-07,26.2,web
200494,2023-11-09,18.06,web
200737,2023-10-28,81.85,web
200529,2023-10-02,92.77,web
200763,2023-11-29,44.48,store
200362,2023-11-20,24.97,web
200147,2023-03-20,28.61,store
200611,2023-08-09,15.56,web
200870,2023-04-22,28.25,web
200389,2023-11-02,20.09,store
200737,2023-01-04,88.8,web
200789,2023-06-02,7.73,callcenter
200580,2023-05-19,66.78,web
200712,2023-11-08,18.99,store
200506,2023-04-18,59.3,web
200724,2023-11-23,34.75,web
200302,2023-07-01,67.49,web
200473,2023-09-08,12.66,web
200070,2023-07-13,-24.08,web
200176,2023-06-07,29.97,web
200521,2023-04-22,40.24,partner
200651,2023-04-13,39.8,web
200026,2023-08-22,15.43,web
200062,2023-04-29,11.85,web
200005,2023-11-12,31.39,callcenter
200465,2023-02-18,36.53,web
200301,2023-03-20,30.1,store
200047,2023-01-18,7.71,web
200714,2023-11-12,37.7,web
200475,2023-06-01,52.44,web
200009,2023-01-13,44.43,callcenter
200617,2023-01-16,33.82,store
200820,2023-12-02,41.9,web
200377,2023-11-18,20.7,store
200854,2023-04-12,-81.9,web
200375,2023-08-26,25.8,callcenter
200069,2023-04-03,53.59,web
200110,2023-11-04,32.82,partner
200060,2023-09-19,69.48,partner
200271,2023-06-12,25.34,web
200346,2023-12-05,69.9,callcenter
200399,2023-03-23,88.91,callcenter
200432,2023-12-30,19.37,partner
200777,2023-04-16,64.95,web
200010,2023-11-21,102.11,store
200808,2023-11-08,46.91,web
200215,2023-07-25,78.37,callcenter
200858,2023-02-14,90.24,web
200121,2023-10-02,71.34,store
200090,2023-09-12,21.11,partner
200109,2023-11-12,51.45,callcenter
200266,2023-03-24,55.9,partner
200847,2023-03-29,6.69,partner
200416,2023-05-09,34.84,store
200148,2023-05-15,42.07,store
200577,2023-01-02,53.1,web
200457,2023-02-26,16.81,callcenter
200632,2023-06-24,32.81,web
200667,2023-12-19,44.42,store
200707,2023-02-16,27.88,web
200136,2023-03-30,6.53,web
200446,2023-11-10,84.44,web
200567,2023-01-15,125.97,callcenter
200500,2023-02-05,48.69,web
200875,2023-11-21,49.33,web
200864,2023-04-02,36.77,web
200730,2023-04-23,12.0,web
200216,2023-01-06,8.65,web
200476,2023-05-29,80.18,web
200723,2023-12-29,117.16,store
200241,2023-12-26,52.05,partner
200640,2023-08-23,27.61,partner
200224,2023-09-04,-32.8,store
200126,2023-08-23,57.34,web
200215,2023-09-11,77.42,store
200833,2023-07-09,37.28,store
200895,2023-03-17,29.51,store
200769,2023-11-13,16.58,store
200244,2023-11-18,25.21,store
200701,2023-02-22,54.94,store
200196,2023-02-04,46.49,partner
200114,2023-10-17,43.74,store
200232,2023-01-18,17.13,web
200125,2023-10-22,31.54,partner
200576,2023-12-25,65.54,store
200614,2023-01-14,96.87,store
200032,2023-10-19,63.32,web
200096,2023-02-18,77.23,web
200431,2023-04-16,6.73,store
200101,2023-07-19,86.22,web
200745,2023-09-06,51.54,web
200360,2023-02-02,44.05,web
200371,2023-02-09,47.29,web
200004,2023-04-14,109.41,store
200631,2023-09-06,26.75,web
200649,2023-05-28,-47.32,web
200680,2023-04-11,34.49,callcenter
200486,2023-02-27,17.96,store
200242,2023-12-20,10.02,callcenter
200070,2023-09-15,17.71,web
200284,2023-12-26,21.76,partner
200489,2023-06-30,35.65,web
200104,2023-10-26,77.23,web
200048,2023-08-22,17.76,web
200195,2023-07-11,21.44,web
200063,2023-06-23,107.92,callcenter
200012,2023-07-02,27.43,web
200436,2023-05-31,23.66,store
200670,2023-08-22,24.39,web
200449,2023-06-29,41.55,web
200082,2023-12-21,35.96,callcenter
200305,2023-11-25,22.3,store
200031,2023-06-19,28.67,web
200559,2023-05-25,66.94,web
200209,2023-10-05,45.54,web
200348,2023-08-23,90.9,store
200811,2023-03-26,31.02,web
200528,2023-11-01,66.76,partner
200688,2023-09-07,68.36,callcenter
200314,2023-08-15,21.19,web
200837,2023-10-13,49.89,web
200643,2023-03-24,39.44,partner
200464,2023-10-19,7.16,web
200521,2023-02-14,10.56,web
200560,2023-10-17,42.7,store
200144,2023-08-04,7.8,web
200226,2023-08-01,6.05,store
200617,2023-09-23,38.75,callcenter
200396,2023-04-24,3.41,store
200705,2023-10-08,-15.4,web
200473,2023-01-10,38.62,web
200059,2023-09-11,33.89,callcenter
200598,2023-10-17,33.87,store
200548,2023-01-02,56.64,store
200328,2023-09-11,73.55,web
200711,2023-10-10,78.69,partner
200315,2023-07-10,114.19,web
200103,2023-08-09,3.95,callcenter
200109,2023-01-22,19.97,web
200811,2023-12-27,14.49,web
200338,2023-12-19,116.57,web
200373,2023-10-07,39.23,web
200274,2023-01-06,35.18,callcenter
200664,2023-06-07,26.2,web
200544,2023-10-26,25.07,partner
200809,2023-09-04,24.95,store
200805,2023-11-27,26.71,web
200890,2023-08-13,24.63,store
200296,2023-09-18,98.91,partner
200525,2023-05-04,142.65,store
200311,2023-10-24,137.1,web
200633,2023-07-14,6.83,partner
200673,2023-10-20,22.05,store
200226,2023-03-16,5.15,callcenter
200773,2023-04-08,140.36,store
200261,2023-02-02,48.81,web
200884,2023-09-04,65.53,web
200765,2023-09-25,33.05,partner
200016,2023-04-14,35.3,callcenter
200358,2023-05-21,84.45,web
200349,2023-07-27,38.95,web
200740,2023-10-03,40.18,web
200651,2023-04-21,61.71,web
200045,2023-06-28,56.59,web
200756,2023-03-09,37.94,web
200196,2023-10-23,25.67,web
200332,2023-11-15,24.1,web
200153,2023-09-27,79.52,callcenter
200141,2023-10-25,40.83,web
200474,2023-10-06,19.59,store
200076,2023-11-02,70.73,web
200072,2023-06-06,37.41,store
200707,2023-03-17,-6.54,callcenter
200309,2023-12-17,20.61,web
200583,2023-01-01,37.5,partner
200887,2023-05-28,8.24,web
200045,2023-09-23,47.08,web
200714,2023-10-17,53.15,web
200098,2023-09-08,75.19,web
200684,2023-06-28,43.68,web
200275,2023-12-03,21.6,store
200121,2023-03-27,6.78,web
200205,2023-02-21,6.44,partner
200328,2023-08-18,32.45,web
200656,2023-04-27,32.43,web
200612,2023-06-21,7.92,web
200655,2023-06-16,46.2,store
200019,2023-04-07,26.0,partner
200877,2023-12-31,15.76,partner
200390,2023-05-20,12.01,web
200100,2023-09-02,99.52,callcenter
200835,2023-02-28,5.64,web
200713,2023-12-28,118.05,callcenter
200074,2023-12-27,16.63,web
200393,2023-01-26,125.53,web
200815,2023-08-23,7.19,web
200614,2023-08-06,49.39,store
200175,2023-03-05,86.8,web
200630,2023-10-08,88.13,web
200170,2023-10-07,-49.2,web
200316,2023-11-05,44.16,web
200175,2023-08-08,9.24,store
200624,2023-09-16,71.05,callcenter
200838,2023-09-21,81.01,callcenter
200040,2023-10-08,38.14,web
200543,2023-08-02,42.97,store
200223,2023-09-29,189.45,store
200675,2023-01-23,10.25,partner
200125,2023-08-14,50.26,store
200329,2023-03-16,69.81,store
200185,2023-05-29,6.28,web
200785,2023-10-08,7.0,partner
200074,2023-02-11,19.54,store
200523,2023-10-03,21.01,web
200108,2023-04-05,18.3,store
200539,2023-10-03,21.7,web
200691,2023-10-07,22.23,web
200677,2023-01-06,37.69,store
200030,2023-03-27,16.18,store
200696,2023-10-21,29.49,callcenter
200267,2023-05-05,36.21,callcenter
200613,2023-06-10,-26.18,web
200867,2023-01-06,50.18,web
200107,2023-09-11,95.66,web
200326,2023-02-04,9.85,callcenter
200780,2023-04-10,-14.98,web
200127,2023-06-24,63.32,web
200234,2023-10-08,45.54,store
200494,2023-07-01,66.93,web
200896,2023-12-25,60.36,store
200265,2023-07-10,21.5,partner
200346,2023-04-03,100.73,store
200716,2023-03-11,102.43,web
200107,2023-10-14,15.44,web
200294,2023-06-17,91.46,web
200284,2023-08-09,98.16,web
200360,2023-05-16,-122.91,web
200516,2023-04-10,61.26,web
200199,2023-08-07,28.07,store
200352,2023-04-18,20.26,web
200825,2023-12-31,28.07,web
200745,2023-09-25,11.39,web
200860,2023-10-27,50.98,web
200613,2023-04-14,32.24,store
200524,2023-01-11,9.32,web
200192,2023-01-18,20.66,web
200142,2023-11-10,86.32,store
200484,2023-11-15,51.69,store
200364,2023-09-06,18.62,callcenter
200708,2023-08-03,120.76,store
200008,2023-03-18,46.65,store
200802,2023-10-04,12.65,partner
200153,2023-07-08,28.2,partner
200355,2023-08-09,8.66,partner
200320,2023-01-09,100.62,store
200832,2023-07-08,68.52,partner
200648,2023-09-11,19.35,web
200032,2023-10-09,4.77,callcenter
200767,2023-02-23,67.72,web
200609,2023-01-12,45.51,web
200061,2023-11-09,90.3,web
200703,2023-04-24,2.91,store
200030,2023-06-22,63.01,web
200382,2023-08-18,35.15,store
200145,2023-06-29,155.75,web
200009,2023-12-11,11.68,web
200503,2023-11-04,73.03,partner
200618,2023-05-24,64.17,web
200431,2023-03-11,9.16,store
200308,2023-12-22,29.22,partner
200462,2023-09-16,57.89,web
200136,2023-10-03,19.44,web
200044,2023-06-19,19.96,web
200141,2023-06-26,79.22,web
200048,2023-03-08,132.2,store
200692,2023-06-06,74.39,web
200547,2023-07-18,-10.0,web
200168,2023-02-17,0.95,store
200512,2023-08-20,13.43,store
200435,2023-08-13,62.56,web
200100,2023-11-03,68.21,web
200873,2023-01-20,26.89,web
200844,2023-03-24,13.23,web
200682,2023-06-06,29.01,web
200727,2023-11-18,-6.11,store
200492,2023-03-28,47.89,partner
200723,2023-12-21,43.81,web
200475,2023-12-16,12.37,web
200149,2023-02-04,75.34,web
200150,2023-05-13,38.95,store
200768,2023-04-05,17.92,store
200401,2023-06-28,49.37,store
200656,2023-12-04,153.07,web
200130,2023-05-18,6.6,web
200403,2023-08-30,160.81,partner
200075,2023-02-20,38.58,web
200198,2023-07-28,58.49,web
200098,2023-05-09,61.86,store
200187,2023-12-01,18.45,store
200545,2023-10-12,26.38,web
200004,2023-03-20,96.94,store
200174,2023-08-15,109.6,web
200621,2023-05-05,32.33,partner
200134,2023-06-09,135.84,store
200500,2023-06-18,35.26,store
200780,2023-10-27,69.98,web
200702,2023-04-16,19.89,web
200109,2023-01-02,66.59,store
200132,2023-03-12,30.14,web
200635,2023-10-29,183.22,web
200311,2023-04-19,51.64,partner
200375,2023-01-22,125.2,partner
200429,2023-05-27,44.84,callcenter
200521,2023-11-14,39.14,web
200404,2023-11-15,43.96,web
200021,2023-12-12,147.09,web
200085,2023-09-07,25.33,store
200000,2023-10-26,178.1,partner
200238,2023-10-10,78.33,web
200735,2023-01-08,141.95,web
200874,2023-06-02,13.36,partner
200427,2023-07-12,68.77,web
200024,2023-06-19,99.84,web
200064,2023-10-30,101.77,callcenter
200733,2023-12-25,68.71,web
200309,2023-07-18,28.18,store
200793,2023-02-05,26.6,callcenter
200455,2023-05-12,25.18,partner
200791,2023-03-14,49.31,web
200121,2023-06-21,43.36,store
200772,2023-03-27,29.23,store
200491,2023-01-30,33.37,callcenter
200393,2023-03-04,39.58,web
200475,2023-07-01,3.82,store
200294,2023-02-21,30.48,partner
200542,2023-01-11,23.64,web
200693,2023-04-13,12.72,store
200729,2023-08-24,13.57,web
200880,2023-08-19,30.03,web
200371,2023-05-23,51.01,web
200691,2023-08-31,53.42,web
200799,2023-03-11,-59.11,web
200015,2023-09-21,53.48,store
200427,2023-01-07,26.06,web
200630,2023-02-19,13.51,web
200411,2023-12-03,16.9,web
200090,2023-06-20,36.0,store
200590,2023-07-23,43.81,web
200365,2023-05-26,72.76,store
200555,2023-08-25,102.41,partner
200001,2023-10-01,27.61,store
200010,2023-10-12,45.0,store
200542,2023-04-01,61.17,store
200884,2023-08-17,39.68,store
200575,2023-10-14,17.38,web
200848,2023-05-31,20.28,web
200762,2023-05-20,76.95,callcenter
200253,2023-08-18,29.28,partner
200092,2023-07-29,31.79,store
200502,2023-04-03,3.43,store
200558,2023-12-16,91.21,store
200693,2023-07-24,62.52,web
200468,2023-07-26,9.63,web
200828,2023-03-17,56.93,web
200759,2023-09-04,59.92,store
200527,2023-12-01,124.16,store
200496,2023-09-23,18.71,web
200017,2023-07-05,54.57,web
200702,2023-08-21,24.31,partner
200612,2023-03-27,23.29,store
200806,2023-01-23,108.71,partner
200083,2023-08-22,77.38,web
200131,2023-03-08,9.83,web
200604,2023-02-02,8.29,store
200440,2023-10-10,58.53,web
200528,2023-06-08,34.1,web
200391,2023-11-08,16.52,web
200576,2023-11-13,59.36,store
200592,2023-02-14,53.89,web
200170,2023-10-08,38.95,web
200684,2023-05-03,41.95,web
200444,2023-09-14,17.78,web
200518,2023-01-17,53.57,store
200556,2023-06-21,137.89,partner
200670,2023-08-18,11.93,web
200270,2023-06-13,75.53,store
200006,2023-07-21,14.5,web
200163,2023-01-05,65.99,store
200869,2023-01-03,33.39,partner
200200,2023-08-08,67.21,web
200224,2023-06-01,12.7,partner
200772,2023-07-30,43.26,web
200212,2023-05-12,71.78,partner
200418,2023-01-02,44.56,store
200333,2023-09-13,62.08,web
200594,2023-02-20,26.27,store
200535,2023-10-14,63.25,web
200463,2023-01-05,107.9,callcenter
200451,2023-12-06,25.95,web
200750,2023-04-03,61.35,store
200523,2023-11-22,20.24,web
200457,2023-01-02,115.81,web
200798,2023-06-14,9.93,partner
200083,2023-06-02,51.73,store
200750,2023-03-01,39.73,web
200178,2023-06-23,26.14,callcenter
200298,2023-03-20,25.37,callcenter
200011,2023-06-09,37.05,partner
200514,2023-05-17,104.67,web
200748,2023-03-14,46.88,partner
200343,2023-10-15,5.68,web
200596,2023-07-11,8.15,store
200353,2023-11-03,46.72,callcenter
200683,2023-10-25,81.36,web
200898,2023-04-06,18.33,web
200643,2023-04-17,44.69,partner
200306,2023-12-14,82.23,web
200742,2023-04-25,50.13,web
200034,2023-02-04,41.39,web
200888,2023-07-18,29.48,store
200755,2023-12-19,33.47,web
200588,2023-03-27,63.71,web
200558,2023-08-21,69.51,partner
200227,2023-05-04,68.59,store
200388,2023-05-21,20.94,store
200091,2023-06-15,1.85,web
200304,2023-02-22,26.72,partner
200530,2023-05-22,74.34,web
200325,2023-04-10,121.12,callcenter
200693,2023-10-26,15.43,web
200767,2023-03-25,61.26,partner
200505,2023-11-06,22.24,partner
200306,2023-01-07,99.56,web
200273,2023-05-28,73.49,web
200492,2023-04-08,49.14,web
200647,2023-06-13,51.92,web
200114,2023-10-09,92.33,web
200403,2023-12-16,6.3,web
200396,2023-09-23,35.77,web
200257,2023-07-03,13.48,web
200213,2023-07-07,51.25,web
200756,2023-12-29,43.65,store
200389,2023-12-28,49.06,web
200518,2023-10-06,11.55,web
200034,2023-03-01,81.91,web
200255,2023-04-07,66.1,web
200201,2023-04-10,26.03,web
200295,2023-03-25,69.85,web
200757,2023-12-20,3.21,web
200514,2023-02-28,13.89,web
200811,2023-11-08,36.88,web
200380,2023-10-22,29.93,store
200693,2023-07-12,96.25,partner
200144,2023-04-23,62.89,store
200733,2023-04-08,110.61,web
200549,2023-09-04,9.65,web
200034,2023-09-02,29.71,store
200620,2023-07-17,13.14,store
200431,2023-07-27,49.31,web
200000,2023-10-29,9.68,store
200762,2023-10-03,44.42,web
200483,2023-10-02,19.84,web
200545,2023-04-13,70.51,store
200519,2023-01-24,37.18,callcenter
200081,2023-06-17,7.81,partner
200298,2023-05-04,78.62,callcenter
200631,2023-05-03,79.53,web
200304,2023-07-09,67.74,web
200799,2023-12-04,25.62,web
200285,2023-10-21,58.03,web
200413,2023-09-04,84.55,store
200400,2023-09-18,-34.27,web
200017,2023-06-01,35.55,web
200730,2023-07-20,41.15,callcenter
200122,2023-06-08,68.45,web
200422,2023-10-23,45.82,web
200817,2023-12-28,60.98,callcenter
200894,2023-06-08,32.9,web
200207,2023-09-21,32.26,partner
200338,2023-01-21,62.59,web
200509,2023-05-27,22.73,web
200629,2023-11-14,15.66,web
200225,2023-09-08,21.83,web
200494,2023-07-12,31.11,web
200750,2023-03-20,39.07,store
200686,2023-10-23,25.74,web
200739,2023-12-21,28.19,web
200799,2023-05-24,50.97,web
200775,2023-10-23,19.65,store
200460,2023-08-03,66.91,web
200876,2023-05-26,17.48,web
200445,2023-05-01,38.3,callcenter
200638,2023-07-03,36.4,callcenter
200848,2023-05-30,-95.79,web
200038,2023-08-14,33.3,web
200840,2023-02-23,73.65,store
200739,2023-06-24,62.7,web
200897,2023-09-28,24.42,partner
200695,2023-11-05,90.19,web
200140,2023-04-13,25.45,web
200271,2023-08-08,30.15,web
200003,2023-04-21,53.96,web
200547,2023-10-16,27.87,web
200393,2023-05-10,9.95,store
200427,2023-09-03,30.56,callcenter
200660,2023-06-07,30.15,web
200738,2023-04-08,16.51,store
200065,2023-07-30,37.95,web
200825,2023-08-16,38.6,partner
200336,2023-09-07,51.21,web
200676,2023-10-16,13.88,web
200523,2023-09-04,14.68,web
200399,2023-11-07,68.44,store
200191,2023-06-04,17.11,web
200170,2023-07-05,46.61,store
200658,2023-06-25,32.32,web
200289,2023-07-31,20.68,store
200206,2023-02-21,94.96,callcenter
200005,2023-11-08,39.04,web
200756,2023-07-10,23.41,store
200356,2023-07-21,8.04,web
200313,2023-11-17,59.67,web
200334,2023-06-19,16.97,web
200538,2023-06-18,89.5,web
200433,2023-07-26,35.84,store
200489,2023-12-09,179.13,web
200250,2023-04-03,30.12,web
200266,2023-02-26,16.37,web
200776,2023-02-09,39.62,store
200395,2023-09-26,22.63,callcenter
200875,2023-01-04,4.24,partner
200761,2023-09-16,70.43,store
200640,2023-11-19,47.48,callcenter
200493,2023-09-06,19.2,store
200753,2023-03-04,13.73,web
200050,2023-08-30,-15.32,web
200449,2023-06-11,38.09,callcenter
200641,2023-01-09,132.02,web
200097,2023-03-14,31.9,web
200164,2023-09-28,7.59,store
200058,2023-07-24,16.81,web
200437,2023-07-02,41.67,partner
200487,2023-10-11,19.65,partner
200421,2023-07-11,11.5,web
200049,2023-12-20,32.74,partner
200437,2023-01-19,16.75,web
200799,2023-04-15,43.5,callcenter
200027,2023-03-10,44.38,web
200698,2023-06-01,54.77,web
200245,2023-11-29,61.66,web
200067,2023-05-30,18.73,store
200045,2023-04-26,69.56,store
200011,2023-01-31,27.58,store
200373,2023-05-24,5.58,store
200448,2023-03-25,64.08,store
200559,2023-03-11,94.01,partner
200073,2023-02-18,31.25,web
200588,2023-08-19,72.21,callcenter
200665,2023-09-16,33.12,partner
200058,2023-09-28,22.92,partner
200607,2023-01-20,33.54,web
200107,2023-12-03,36.36,callcenter
200395,2023-07-05,41.8,web
200595,2023-07-25,28.73,web
200783,2023-11-17,62.16,web
200478,2023-04-11,52.72,callcenter
200391,2023-07-03,15.3,callcenter
200750,2023-01-26,24.39,web
200194,2023-06-29,59.81,store
200184,2023-04-08,32.54,web
200419,2023-03-08,19.75,web
200108,2023-08-14,31.69,store
200020,2023-02-17,9.42,web
200325,2023-12-22,85.49,store
200137,2023-03-26,37.32,web
200573,2023-01-29,22.59,web
200493,2023-06-13,8.97,store
200437,2023-05-22,-114.49,web
200446,2023-08-29,8.14,partner
200088,2023-09-01,48.87,store
200362,2023-08-05,28.86,web
200064,2023-07-29,31.69,store
200319,2023-10-11,34.65,web
200609,2023-08-26,23.44,store
200887,2023-02-20,36.58,web
200267,2023-06-19,40.79,web
200237,2023-09-09,57.14,web
200602,2023-04-08,52.84,partner
200826,2023-11-12,15.52,web
200265,2023-06-26,18.38,callcenter
200754,2023-04-28,69.72,store
200283,2023-05-20,25.9,web
200575,2023-08-14,46.82,store
200188,2023-09-16,79.9,store
200235,2023-04-04,38.19,web
200885,2023-03-04,14.92,web
200350,2023-02-03,15.19,partner
200014,2023-07-01,28.73,partner
200694,2023-12-05,28.81,store
200114,2023-12-17,12.92,store
200099,2023-07-24,17.52,web
200752,2023-07-14,53.32,web
200313,2023-07-03,70.57,store
200124,2023-03-28,26.52,web
200878,2023-06-01,0.81,store
200252,2023-12-08,50.29,web
200569,2023-08-13,6.83,partner
200236,2023-03-31,10.04,web
200523,2023-02-01,31.16,store
200627,2023-10-02,82.69,web
200681,2023-11-26,59.04,callcenter
200370,2023-02-09,54.85,store
200554,2023-05-17,31.42,web
200756,2023-11-08,11.88,web
200756,2023-04-03,74.56,store
200672,2023-03-07,-12.26,web
200359,2023-05-24,45.94,store
200477,2023-05-24,40.06,store
200870,2023-06-25,10.81,store
200224,2023-12-19,6.59,web
200623,2023-12-21,54.78,web
200713,2023-07-31,-35.92,web
200432,2023-01-28,74.22,web
200779,2023-04-07,44.39,store
200385,2023-03-07,40.5,web
200752,2023-01-01,4.39,web
200579,2023-05-20,39.61,web
200046,2023-01-03,33.05,web
200741,2023-07-29,44.83,partner
200628,2023-04-11,33.08,web
200200,2023-09-22,32.41,web
200633,2023-07-12,30.86,web
200460,2023-12-14,20.65,web
200848,2023-06-26,54.29,store
200274,2023-02-27,171.91,partner
200237,2023-12-03,11.5,store
200052,2023-04-23,15.93,callcenter
200707,2023-10-06,54.13,web
200886,2023-10-13,28.04,web
200620,2023-12-04,23.8,web
200332,2023-08-22,6.63,store
200790,2023-07-06,16.82,web
200228,2023-05-21,14.43,web
200623,2023-06-13,7.03,web
200537,2023-10-12,67.7,partner
200767,2023-07-26,38.23,web
200874,2023-01-18,161.14,web
200323,2023-05-16,41.33,web
200085,2023-11-30,12.47,web
200141,2023-03-18,44.22,store
200665,2023-06-22,51.2,store
200327,2023-11-02,22.1,partner
200125,2023-04-16,50.07,partner
200733,2023-09-06,49.19,web
200583,2023-10-14,17.75,partner
200118,2023-04-29,56.79,store
200641,2023-11-23,42.87,partner
200574,2023-06-12,35.58,web
200886,2023-04-19,38.33,web
200888,2023-03-24,12.35,store
200877,2023-04-08,87.6,callcenter
200805,2023-07-25,27.71,callcenter
200713,2023-03-24,25.54,web
200604,2023-05-11,45.46,web
200490,2023-09-17,145.8,partner
200713,2023-11-16,58.45,web
200869,2023-09-05,28.08,web
200104,2023-07-12,45.06,callcenter
200122,2023-09-12,44.85,web
200448,2023-05-31,35.39,web
200264,2023-04-09,12.88,web
200478,2023-10-01,59.7,web
200280,2023-02-19,24.19,web
200704,2023-11-27,19.05,partner
200808,2023-06-06,26.26,store
200254,2023-10-26,70.92,web
200695,2023-02-06,23.77,partner
200095,2023-06-30,32.69,web
200717,2023-06-04,122.32,web
200628,2023-05-11,25.02,web
200639,2023-07-06,31.78,web
200443,2023-08-30,34.97,web
200096,2023-12-10,24.82,web
200758,2023-10-26,31.47,callcenter
200098,2023-03-26,38.17,store
200433,2023-12-24,23.9,web
200156,2023-07-01,6.23,callcenter
200761,2023-06-16,9.53,web
200516,2023-01-05,34.0,web
200457,2023-09-01,96.04,web
200285,2023-11-20,27.66,web
200704,2023-04-17,42.31,web
200189,2023-11-13,74.53,web
200648,2023-02-01,49.6,web
200872,2023-12-19,34.76,web
200239,2023-04-03,31.87,web
200617,2023-06-25,20.15,store
200278,2023-01-06,58.59,web
200836,2023-11-24,71.53,store
200809,2023-07-05,0.36,web
200282,2023-12-21,58.89,store
200207,2023-05-17,51.73,callcenter
200074,2023-01-22,26.2,web
200627,2023-09-05,20.21,store
200827,2023-03-01,47.13,store
200130,2023-08-13,9.47,web
200734,2023-01-13,26.91,web
200679,2023-03-03,42.21,web
200424,2023-08-21,81.44,store
200200,2023-09-03,103.05,web
200587,2023-02-25,14.12,partner
200534,2023-03-10,44.73,web
200730,2023-11-10,34.85,web
200507,2023-01-03,53.71,web
200043,2023-03-25,30.93,web
200183,2023-12-21,55.83,store
200342,2023-07-19,41.54,web
200442,2023-01-10,22.1,store
200314,2023-11-22,56.2,partner
200791,2023-05-05,31.49,partner
200253,2023-09-19,36.78,partner
200612,2023-08-21,16.5,web
200325,2023-05-14,28.48,partner
200893,2023-05-16,80.37,web
200824,2023-07-20,22.73,web
200706,2023-05-20,103.44,callcenter
200688,2023-03-05,37.81,web
200579,2023-09-21,43.12,web
200528,2023-09-04,19.35,web
200506,2023-08-08,58.71,web
200024,2023-09-28,8.81,store
200843,2023-07-09,29.07,store
200883,2023-12-05,19.46,web
200474,2023-11-20,10.59,web
200783,2023-12-25,53.66,web
200362,2023-02-09,30.01,web
200101,2023-02-07,36.72,web
200751,2023-06-21,20.24,web
200458,2023-09-10,61.72,callcenter
200846,2023-03-29,41.31,partner
200191,2023-02-12,90.3,web
200431,2023-01-14,21.26,web
200600,2023-07-22,21.15,callcenter
200123,2023-12-24,50.08,store
200896,2023-06-19,96.45,partner
200547,2023-09-25,23.82,partner
200154,2023-01-19,3.3,web
200666,2023-03-20,12.16,web
200790,2023-09-06,80.37,web
200336,2023-05-27,28.11,store
200548,2023-01-10,110.11,partner
200673,2023-03-24,14.03,web
200130,2023-10-17,50.33,partner
200477,2023-09-07,51.07,store
200503,2023-10-23,9.48,store
200271,2023-05-08,9.7,store
200269,2023-12-06,28.92,web
200566,2023-12-02,53.51,store
200676,2023-05-15,45.83,store
200350,2023-03-17,30.9,store
200131,2023-12-18,30.05,web
200708,2023-05-08,4.68,web
200156,2023-07-01,17.11,store
200002,2023-12-07,7.79,partner
200290,2023-04-09,-45.14,web
200736,2023-11-19,12.24,web
200681,2023-02-28,79.5,web
200275,2023-04-18,36.69,partner
200467,2023-05-22,16.63,web
200863,2023-06-26,71.05,web
200646,2023-03-30,-11.09,store
200683,2023-11-19,11.35,web
200078,2023-08-31,16.1,store
200216,2023-09-02,71.34,web
200093,2023-09-25,110.76,store
200880,2023-08-21,7.81,web
200308,2023-08-23,195.28,web
200449,2023-08-30,54.76,store
200496,2023-09-21,24.55,web
200470,2023-12-03,51.28,web
200046,2023-03-13,72.35,web
200818,2023-07-08,16.93,store
200342,2023-03-09,72.64,store
200826,2023-03-08,34.79,partner
200688,2023-12-13,7.67,web
200627,2023-06-22,54.32,web
200632,2023-09-15,93.13,callcenter
200880,2023-09-24,47.4,web
200273,2023-01-12,13.57,partner
200295,2023-06-29,47.93,web
200603,2023-03-07,42.29,web
200209,2023-04-25,51.04,store
200723,2023-03-10,7.14,web
200026,2023-09-01,8.2,store
200807,2023-02-18,22.25,web
200311,2023-06-14,63.39,web
200004,2023-04-22,56.8,store
200542,2023-12-18,68.43,partner
200247,2023-10-15,51.72,web
200274,2023-05-09,60.33,web
200433,2023-04-18,42.1,callcenter
200521,2023-09-19,31.06,web
200122,2023-08-19,55.49,web
200043,2023-07-22,12.34,web
200415,2023-01-27,15.61,store
200318,2023-01-29,11.08,web
200523,2023-08-21,39.9,web
200673,2023-06-21,12.53,web
200553,2023-10-30,2.85,web
200093,2023-01-11,9.34,web
200896,2023-03-09,93.23,web
200643,2023-10-16,-40.2,web
200044,2023-12-24,70.98,web
200686,2023-09-26,7.98,web
200792,2023-01-05,50.02,web
200511,2023-01-19,11.4,web
200749,2023-11-17,48.97,store
200797,2023-07-02,68.41,store
200867,2023-07-01,54.54,web
200859,2023-12-17,36.97,web
200174,2023-04-01,89.88,web
200031,2023-04-14,63.3,partner
200586,2023-09-08,18.41,callcenter
200611,2023-11-27,11.92,web
200511,2023-05-14,-152.93,partner
200213,2023-02-25,19.46,web
200853,2023-01-21,32.04,store
200367,2023-01-03,14.94,store
200667,2023-05-17,60.89,web
200560,2023-07-13,16.4,store
200806,2023-06-28,35.71,web
200641,2023-03-29,47.66,partner
200571,2023-09-04,20.89,web
200756,2023-11-17,47.18,web
200048,2023-03-26,104.65,web
200634,2023-09-03,41.99,web
200527,2023-07-18,57.4,web
200699,2023-09-08,25.97,web
200201,2023-01-06,24.18,web
200539,2023-09-03,11.29,store
200255,2023-09-30,39.27,store
200105,2023-09-05,71.62,web
200517,2023-11-03,55.28,web
200019,2023-09-30,24.03,web
200083,2023-12-26,28.02,web
200476,2023-09-02,-105.65,web
200808,2023-06-12,50.63,web
200643,2023-11-01,61.96,web
200013,2023-09-11,67.34,web
200097,2023-07-23,25.0,callcenter
200387,2023-07-31,22.6,store
200386,2023-05-09,24.6,callcenter
200035,2023-08-12,22.12,store
200230,2023-06-20,91.61,web
200114,2023-02-17,30.79,store
200510,2023-06-10,82.83,partner
200592,2023-12-13,31.62,partner
200351,2023-05-02,33.17,store
200514,2023-09-05,5.41,web
200181,2023-06-01,23.47,store
200766,2023-04-15,93.3,web
200003,2023-05-21,90.93,web
200453,2023-12-17,22.97,web
200289,2023-02-10,3.2,web
200405,2023-09-01,15.39,web
200464,2023-10-31,22.79,callcenter
200581,2023-03-09,22.92,store
200836,2023-10-04,22.91,store
200505,2023-08-21,36.27,partner
200204,2023-05-04,13.88,web
200471,2023-03-06,32.32,store
200461,2023-12-11,43.95,store
200778,2023-03-13,24.42,web
200509,2023-12-13,37.63,web
200781,2023-08-25,103.73,store
200584,2023-11-09,57.0,partner
200514,2023-04-19,51.28,web
200295,2023-01-11,26.14,store
200230,2023-08-28,22.05,store
200089,2023-05-16,33.78,callcenter
200493,2023-07-20,-50.48,store
200829,2023-06-16,41.68,web
200011,2023-04-28,38.66,store
200857,2023-09-20,63.56,callcenter
200773,2023-07-02,48.4,web
200394,2023-08-20,60.84,store
200282,2023-09-03,16.38,web
200522,2023-09-05,11.81,web
200769,2023-05-01,97.82,store
200026,2023-10-08,2.91,web
200404,2023-03-22,13.25,web
200042,2023-12-13,25.96,store
200579,2023-10-23,82.27,web
200069,2023-07-21,11.44,callcenter
200284,2023-03-07,5.76,web
200664,2023-11-26,17.22,store
200676,2023-07-22,23.53,web
200204,2023-10-25,37.28,store
200461,2023-01-11,52.05,partner
200166,2023-05-04,65.0,store
200532,2023-04-20,9.09,store
200007,2023-10-24,2.54,web
200732,2023-06-19,36.33,callcenter
200020,2023-02-12,11.21,web
200547,2023-08-13,21.49,web
200364,2023-02-27,27.19,web
200201,2023-06-13,22.84,store
200487,2023-12-29,4.98,partner
200127,2023-06-08,39.24,partner
200521,2023-06-06,122.18,store
200580,2023-01-15,32.4,store
200412,2023-06-18,135.37,partner
200325,2023-12-16,2.83,store
200413,2023-12-14,16.93,web
200860,2023-12-18,109.1,callcenter
200677,2023-05-13,16.5,callcenter
200005,2023-01-24,41.41,store
200260,2023-03-28,32.96,store
200022,2023-03-19,26.43,callcenter
200213,2023-01-29,65.52,store
200700,2023-09-16,33.89,web
200768,2023-07-10,57.6,callcenter
200411,2023-09-21,110.99,store
200620,2023-03-14,66.96,store
200333,2023-09-12,13.15,web
200429,2023-01-24,154.7,web
200746,2023-09-21,-50.8,web
200247,2023-10-24,28.54,web
200286,2023-04-03,11.0,web
200122,2023-04-30,35.58,store
200196,2023-06-08,18.13,web
200033,2023-07-31,8.39,web
200734,2023-07-13,12.06,web
200767,2023-02-08,6.92,store
200379,2023-05-19,25.1,store
200534,2023-07-04,30.72,web
200223,2023-08-13,45.86,web
200041,2023-08-19,49.72,web
200464,2023-09-01,21.73,store
200142,2023-06-14,24.2,store
200763,2023-07-03,39.61,store
200251,2023-05-04,-12.66,partner
200663,2023-04-10,55.97,store
200236,2023-04-24,25.98,web
200113,2023-06-10,62.85,web
200493,2023-02-09,36.78,web
200164,2023-03-21,28.41,web
200359,2023-02-12,75.57,web
200263,2023-05-30,7.89,web
200793,2023-06-30,44.34,web
200452,2023-03-01,97.89,web
200647,2023-02-20,38.03,partner
200529,2023-07-11,32.47,web
200819,2023-03-23,63.96,web
200395,2023-11-13,21.61,web
200776,2023-03-02,27.0,store
200808,2023-06-25,11.03,callcenter
200829,2023-10-20,20.53,web
200626,2023-02-07,53.25,partner
200882,2023-06-14,27.57,callcenter
200670,2023-06-22,15.39,store
200280,2023-07-21,77.89,store
200141,2023-11-20,70.79,web
200188,2023-08-01,-17.13,web
200516,2023-05-18,70.38,store
200148,2023-05-25,52.23,callcenter
200213,2023-08-16,39.72,store
200565,2023-04-19,102.15,web
200299,2023-09-07,44.1,web
200612,2023-05-20,18.52,web
200897,2023-01-23,25.39,callcenter
200079,2023-07-15,7.38,web
200577,2023-04-02,50.98,web
200738,2023-05-11,101.07,store
200126,2023-04-29,44.47,web
200704,2023-02-19,39.79,web
200456,2023-04-16,62.66,web
200565,2023-11-30,55.74,web
200046,2023-04-27,79.25,web
200392,2023-09-25,33.74,web
200330,2023-05-30,47.54,web
200138,2023-01-25,32.35,store
200686,2023-11-02,10.81,store
200455,2023-11-27,13.25,store
200790,2023-03-28,19.66,store
200143,2023-03-04,10.44,store
200657,2023-12-06,38.77,web
200544,2023-02-05,65.61,web
200585,2023-11-21,21.83,store
200278,2023-03-05,5.94,web
200621,2023-11-13,17.94,web
200222,2023-12-07,27.74,web
200686,2023-03-29,62.35,partner
200396,2023-03-22,36.03,partner
200431,2023-02-08,35.96,web
200522,2023-10-15,49.18,web
200075,2023-05-08,69.42,web
200330,2023-08-23,98.46,web
200182,2023-08-13,21.9,web
200867,2023-07-09,33.74,web
200379,2023-03-30,21.86,store
200005,2023-05-14,47.33,callcenter
200023,2023-07-02,5.88,web
200821,2023-02-03,116.77,web
200141,2023-05-28,51.14,store
200000,2023-09-17,45.45,web
200190,2023-06-03,18.37,web
200195,2023-05-25,24.84,web
200071,2023-11-03,10.46,store
200896,2023-07-15,17.47,web
200053,2023-09-27,69.42,web
200655,2023-01-19,7.36,store
200753,2023-12-05,133.18,web
200580,2023-10-11,79.06,partner
200119,2023-10-29,44.74,web
200653,2023-09-10,16.34,web
200296,2023-07-16,57.66,web
200367,2023-07-13,53.73,partner
200226,2023-08-16,21.52,web
200705,2023-07-01,50.3,web
200521,2023-09-24,27.65,web
200139,2023-05-04,5.34,callcenter
200366,2023-10-08,11.19,callcenter
200714,2023-05-05,77.09,store
200843,2023-06-23,23.97,web
200845,2023-01-25,19.15,web
200121,2023-11-25,38.63,web
200771,2023-09-08,3.45,web
200509,2023-04-02,35.43,callcenter
200665,2023-01-17,40.58,store
200347,2023-11-07,56.5,web
200586,2023-01-01,13.38,store
200232,2023-06-25,21.18,web
200468,2023-01-12,39.85,web
200203,2023-09-11,14.59,web
200355,2023-03-16,42.4,web
200367,2023-06-05,38.55,web
200779,2023-07-28,3.1,web
200565,2023-05-16,68.3,callcenter
200582,2023-09-06,14.97,partner
200255,2023-07-05,36.18,web
200391,2023-06-03,117.91,store
200425,2023-04-28,16.54,web
200706,2023-05-30,49.43,web
200166,2023-04-28,138.08,web
200048,2023-07-30,54.98,web
200454,2023-10-07,-78.64,web
200731,2023-08-06,12.01,store
200660,2023-01-12,97.93,store
200729,2023-11-05,5.47,web
200354,2023-10-14,52.25,web
200205,2023-10-26,35.0,store
200593,2023-01-19,27.01,callcenter
200033,2023-10-28,23.2,web
200805,2023-06-20,-55.91,web
200642,2023-11-05,18.41,partner
200453,2023-10-13,24.29,web
200179,2023-11-18,52.53,store
200225,2023-02-14,76.45,web
200896,2023-07-22,32.0,callcenter
200013,2023-09-23,100.66,partner
200008,2023-08-06,40.38,web
200312,2023-10-24,37.45,web
200206,2023-09-23,185.97,store
200609,2023-01-14,47.02,web
200037,2023-03-14,126.53,web
200706,2023-08-20,175.62,web
200704,2023-05-12,12.46,web
200206,2023-05-11,18.14,partner
200520,2023-11-30,6.91,web
200604,2023-02-02,58.94,web
200763,2023-07-10,59.59,store
200659,2023-04-24,22.01,store
200866,2023-01-19,2.8,web
200104,2023-05-17,48.78,web
200549,2023-05-29,7.67,web
200695,2023-06-15,30.0,partner
200208,2023-02-28,61.35,web
200196,2023-09-23,-39.56,web
200083,2023-05-11,75.99,callcenter
200887,2023-07-29,28.59,web
200779,2023-07-18,18.92,partner
200108,2023-07-26,15.75,store
200220,2023-07-04,60.16,web
200412,2023-04-20,33.08,callcenter
200804,2023-06-29,18.06,web
200743,2023-07-13,47.04,partner
200790,2023-01-07,6.2,web
200745,2023-09-22,37.0,web
200565,2023-06-12,43.65,web
200261,2023-04-17,48.3,web
200543,2023-01-11,101.11,web
200444,2023-04-22,27.3,web
200855,2023-05-28,44.15,web
200403,2023-11-02,49.72,web
200680,2023-08-25,33.41,web
200156,2023-06-02,11.12,store
200614,2023-02-15,64.42,store
200408,2023-04-11,2.74,store
200392,2023-12-01,11.86,store
200679,2023-02-16,26.65,web
200435,2023-08-19,11.82,web
200053,2023-07-08,36.89,store
200350,2023-03-21,81.33,web
200866,2023-11-15,129.68,store
200851,2023-05-24,33.91,web
200552,2023-08-30,46.79,web
200574,2023-02-05,36.73,web
200236,2023-12-19,32.42,store
200702,2023-01-09,32.57,partner
200539,2023-04-24,113.64,store
200033,2023-12-01,3.74,store
200854,2023-08-21,68.43,store
200767,2023-09-04,16.35,partner
200073,2023-04-25,29.11,partner
200375,2023-10-12,11.27,web
200668,2023-12-07,10.33,web
200663,2023-08-16,76.28,partner
200150,2023-03-21,19.85,store
200036,2023-11-27,35.78,web
200886,2023-01-02,51.45,store
200804,2023-11-24,100.87,web
200664,2023-01-04,10.72,partner
200593,2023-01-22,105.51,web
200617,2023-01-16,42.85,partner
200411,2023-03-11,41.41,store
200615,2023-09-23,27.07,web
200273,2023-05-25,23.69,callcenter
200075,2023-01-29,6.56,web
200279,2023-05-05,85.73,store
200264,2023-12-31,9.8,web
200273,2023-07-11,21.11,web
200423,2023-09-24,76.44,store
200117,2023-04-08,-31.95,store
200366,2023-07-10,12.6,callcenter
200417,2023-10-19,65.16,store
200169,2023-09-04,23.87,web
200408,2023-01-03,20.82,partner
200606,2023-08-10,10.23,callcenter
200370,2023-10-16,22.46,callcenter
200002,2023-02-19,26.46,partner
200632,2023-05-24,50.65,store
200520,2023-08-24,17.73,store
200377,2023-01-02,87.51,store
200020,2023-09-17,77.93,web
200080,2023-11-06,77.92,partner
200071,2023-07-12,40.49,web
200766,2023-06-13,62.06,web
200277,2023-02-03,57.97,web
200382,2023-09-22,72.03,web
200626,2023-12-11,76.92,store
200589,2023-11-17,59.82,web
200057,2023-07-20,60.74,web
200836,2023-01-13,56.74,web
200238,2023-04-15,60.83,store
200690,2023-04-06,37.65,web
200748,2023-01-03,21.31,web
200484,2023-02-13,13.09,web
200145,2023-07-29,10.11,callcenter
200490,2023-02-05,14.26,web
200220,2023-01-15,73.69,callcenter
200764,2023-12-12,96.4,web
200679,2023-08-09,58.74,web
200741,2023-10-22,43.53,partner
200745,2023-04-01,6.55,store
200160,2023-05-14,32.69,web
200027,2023-08-11,20.3,store
200563,2023-09-08,20.29,web
200552,2023-05-15,39.49,web
200779,2023-12-02,58.44,web
200574,2023-09-14,36.47,web
200722,2023-03-22,145.71,web
200313,2023-02-05,42.54,web
200112,2023-01-06,5.45,partner
200034,2023-11-05,114.2,web
200392,2023-10-28,34.91,web
200001,2023-06-24,95.97,web
200466,2023-09-21,9.84,callcenter
200360,2023-11-19,17.58,web
200232,2023-02-28,14.05,web
200532,2023-12-24,72.32,callcenter
200611,2023-06-28,85.4,web
200035,2023-06-09,53.11,web
200428,2023-02-28,45.1,store
200845,2023-09-03,6.08,web
200267,2023-08-08,19.29,web
200702,2023-01-11,21.85,store
200303,2023-08-25,7.93,callcenter
200244,2023-02-21,33.55,callcenter
200771,2023-04-11,54.1,store
200320,2023-08-12,-66.93,web
200779,2023-10-13,56.89,store
200589,2023-02-18,28.45,callcenter
200731,2023-06-22,23.25,store
200733,2023-04-15,29.9,web
200822,2023-09-15,32.82,callcenter
200499,2023-10-30,-13.46,partner
200857,2023-08-22,24.36,web
200053,2023-10-18,20.83,store
200442,2023-06-14,104.94,partner
200356,2023-08-07,71.08,web
200087,2023-04-17,53.69,callcenter
200785,2023-12-27,15.79,web
200720,2023-03-16,61.76,web
200673,2023-12-03,18.72,callcenter
200570,2023-09-30,62.26,callcenter
200541,2023-12-27,29.16,web
200342,2023-08-23,79.92,partner
200615,2023-05-09,9.46,store
200877,2023-04-13,-60.11,partner
200226,2023-03-07,84.79,web
200304,2023-12-19,30.48,callcenter
200098,2023-02-08,28.73,store
200816,2023-10-23,36.07,store
200477,2023-09-12,53.26,web
200533,2023-02-16,22.43,web
200239,2023-12-01,19.59,web
200032,2023-03-01,115.72,web
200724,2023-02-28,27.59,partner
200774,2023-07-18,34.43,store
200306,2023-02-07,24.98,store
200685,2023-02-07,56.4,web
200514,2023-08-16,20.81,store
200578,2023-12-18,32.25,web
200155,2023-01-20,73.98,partner
200553,2023-08-21,67.28,web
200145,2023-08-08,27.16,web
200196,2023-01-25,36.81,web
200321,2023-02-24,16.55,web
200193,2023-06-11,36.77,store
200818,2023-09-11,130.44,store
200026,2023-03-23,64.07,web
200813,2023-06-08,16.43,store
200138,2023-06-29,8.09,callcenter
200783,2023-09-17,16.81,store
200302,2023-04-01,11.72,store
200829,2023-09-09,32.46,web
200486,2023-10-31,78.44,store
200440,2023-08-01,32.77,web
200117,2023-09-21,21.04,web
200390,2023-03-03,27.67,web
200501,2023-11-27,52.33,web
200885,2023-04-20,41.12,web
200236,2023-03-14,17.17,web
200074,2023-07-20,64.34,partner
200228,2023-05-21,14.23,web
200218,2023-06-18,38.97,web
200853,2023-10-21,24.61,web
200135,2023-07-15,30.58,web
200893,2023-05-17,14.82,web
200101,2023-10-20,37.14,store
200730,2023-05-19,13.34,web
200373,2023-12-16,23.15,web
200048,2023-12-26,29.11,store
200552,2023-06-21,17.46,web
200655,2023-10-09,88.16,callcenter
200754,2023-09-16,23.1,web
200160,2023-11-11,27.53,web
200555,2023-06-18,36.14,web
200512,2023-05-29,9.97,partner
200398,2023-04-11,6.35,web
200804,2023-08-02,29.14,web
200380,2023-08-13,7.61,web
200342,2023-06-14,45.55,partner
200472,2023-04-24,47.16,store
200835,2023-06-14,45.54,web
200780,2023-07-03,60.92,store
200637,2023-02-16,29.04,store
200072,2023-08-29,89.9,web
200270,2023-11-04,-42.28,web
200013,2023-04-28,85.01,web
200085,2023-05-23,58.95,web
200748,2023-02-03,29.86,store
200733,2023-08-01,42.05,partner
200092,2023-06-06,52.05,store
200412,2023-11-09,5.92,web
200251,2023-11-28,10.12,web
200065,2023-10-10,101.76,web
200343,2023-03-18,51.69,store
200092,2023-03-14,72.47,store
200662,2023-06-27,28.74,store
200870,2023-08-14,86.15,callcenter
200380,2023-01-12,30.14,web
200218,2023-06-30,51.38,store
200449,2023-02-01,94.48,partner
200869,2023-04-05,-56.1,web
200143,2023-05-12,14.35,store
200613,2023-01-15,31.86,web
200083,2023-04-06,-43.33,web
200270,2023-08-18,53.93,web
200395,2023-12-31,79.3,web
200345,2023-10-12,54.24,store
200160,2023-04-22,33.02,web
200699,2023-12-10,27.75,web
200605,2023-06-10,28.97,store
200391,2023-05-10,23.45,web
200376,2023-11-06,22.52,web
200067,2023-05-26,71.39,partner
200594,2023-09-27,38.89,callcenter
200206,2023-03-01,23.85,web
200270,2023-05-02,35.4,callcenter
200774,2023-12-26,25.21,callcenter
200577,2023-03-31,6.8,web
200626,2023-11-07,54.73,callcenter
200238,2023-06-20,74.55,store
200450,2023-12-16,65.7,partner
200012,2023-06-01,62.93,web
200220,2023-06-30,13.46,store
200720,2023-05-25,85.87,web
200427,2023-03-18,21.67,store
200571,2023-11-04,11.47,web
200709,2023-07-29,3.34,store
200843,2023-07-04,42.61,partner
200073,2023-05-16,87.32,web
200522,2023-10-09,79.13,web
200895,2023-05-07,36.33,web
200179,2023-03-28,69.89,web
200773,2023-01-31,133.46,callcenter
200522,2023-11-15,26.5,store
200286,2023-01-27,50.01,store
200704,2023-11-05,88.48,partner
200783,2023-05-19,11.85,store
200128,2023-01-01,12.89,web
200613,2023-12-05,98.14,web
200842,2023-09-28,71.26,web
200599,2023-09-21,20.02,partner
200492,2023-07-19,14.87,partner
200125,2023-10-05,13.26,web
200405,2023-02-18,-41.61,web
200815,2023-03-27,20.36,store
200719,2023-07-18,20.73,store
200405,2023-09-26,13.31,store
200278,2023-08-03,37.26,web
200722,2023-05-29,11.84,store
200870,2023-09-03,55.44,store
200269,2023-01-22,80.85,web
200729,2023-07-05,42.99,store
200277,2023-05-25,71.02,web
200744,2023-07-01,31.84,partner
200868,2023-02-17,18.02,callcenter
200596,2023-11-26,26.72,store
200446,2023-11-08,8.05,web
200282,2023-12-11,21.67,callcenter
200053,2023-11-03,30.64,web
200047,2023-08-31,36.07,web
200752,2023-04-15,72.56,web
200595,2023-02-11,90.72,web
200204,2023-08-12,41.71,partner
200496,2023-12-12,14.33,web
200790,2023-05-13,14.2,store
200583,2023-12-29,22.0,store
200824,2023-02-26,18.96,store
200105,2023-04-14,42.39,web
200065,2023-08-26,15.05,web
200599,2023-06-29,92.24,callcenter
200524,2023-10-05,64.81,web
200619,2023-05-06,74.39,web
200883,2023-10-10,21.15,store
200098,2023-04-20,15.05,store
200837,2023-02-24,20.14,store
200054,2023-07-27,38.12,web
200472,2023-07-07,35.1,web
200748,2023-07-26,85.98,web
200612,2023-01-09,96.78,store
200200,2023-05-31,39.67,callcenter
200543,2023-02-02,10.12,store
200811,2023-10-21,28.15,store
200182,2023-01-30,174.54,store
200843,2023-12-07,10.7,store
200587,2023-01-21,43.66,web
200078,2023-08-11,20.03,partner
200299,2023-05-02,124.31,store
200775,2023-02-10,46.56,web
200304,2023-05-11,20.2,store
200852,2023-01-15,24.88,web
200377,2023-09-12,5.45,web
200308,2023-11-14,43.18,partner
200766,2023-05-01,44.15,store
200706,2023-06-10,10.55,web
200214,2023-02-21,54.93,store
200702,2023-06-25,95.9,web
200225,2023-12-12,12.91,store
200806,2023-07-16,54.05,web
200006,2023-11-16,55.02,store
200595,2023-10-12,39.84,partner
200139,2023-02-15,-41.84,web
200609,2023-01-20,24.11,store
200880,2023-05-13,5.21,store
200600,2023-12-10,45.78,store
200390,2023-03-03,-64.12,callcenter
200740,2023-01-17,15.98,web
200175,2023-12-17,20.39,web
200488,2023-03-14,18.37,store
200869,2023-05-10,48.25,web
200320,2023-10-12,43.46,partner
200024,2023-02-05,16.91,store
200397,2023-03-04,-34.4,store
200435,2023-09-23,35.28,web
200730,2023-01-03,46.38,web
200724,2023-09-17,26.31,partner
200306,2023-07-17,76.8,web
200695,2023-03-29,46.82,store
200128,2023-08-12,75.88,store
200170,2023-04-28,45.96,web
200543,2023-12-13,48.92,store
200637,2023-06-01,8.67,web
200726,2023-10-01,-43.41,callcenter
200560,2023-04-08,33.78,store
200114,2023-11-01,81.34,web
200607,2023-04-16,73.62,store
200386,2023-07-05,87.15,partner
200239,2023-10-20,20.81,web
200305,2023-12-05,35.71,web
200729,2023-10-02,92.77,web
200159,2023-09-01,20.35,store
200503,2023-09-10,81.71,web
200074,2023-05-29,75.7,store
200652,2023-09-08,34.82,web
200134,2023-07-29,108.67,partner
200845,2023-07-10,-77.93,partner
200793,2023-04-25,11.97,web
200769,2023-05-09,97.72,store
200313,2023-02-15,34.89,web
200704,2023-09-20,48.19,web
200121,2023-01-09,48.37,web
200260,2023-02-12,56.97,store
200119,2023-04-17,94.12,partner
200048,2023-02-21,47.72,web
200330,2023-10-01,33.06,web
200517,2023-02-16,16.44,store
200776,2023-06-16,25.13,callcenter
200031,2023-09-25,74.35,store
200366,2023-08-04,85.41,web
200642,2023-08-04,27.52,partner
200181,2023-05-06,64.85,web
200663,2023-06-14,23.4,web
200513,2023-10-07,6.64,web
200506,2023-06-23,10.24,web
200112,2023-09-13,79.0,store
200151,2023-10-30,7.04,partner
200789,2023-03-31,61.03,store
200788,2023-02-14,45.08,callcenter
200407,2023-06-19,82.3,web
200536,2023-05-20,41.52,store
200487,2023-02-24,52.89,store
200463,2023-10-05,44.25,web
200640,2023-08-16,48.61,web
200510,2023-08-29,36.67,partner
200112,2023-09-16,53.61,web
200074,2023-06-08,30.02,callcenter
200765,2023-07-06,70.85,partner
200666,2023-03-23,40.96,web
200178,2023-09-24,67.23,web
200054,2023-12-12,20.69,store
200197,2023-11-15,28.01,web
200520,2023-05-29,-10.48,store
200525,2023-01-19,49.26,web
200152,2023-11-17,47.66,partner
200158,2023-07-29,24.65,web
200186,2023-10-11,38.06,store
200398,2023-04-20,16.12,callcenter
200209,2023-11-11,75.69,store
200410,2023-11-02,74.01,store
200012,2023-01-07,36.69,partner
200842,2023-07-26,31.86,callcenter
200802,2023-06-24,8.54,partner
200304,2023-08-29,65.91,partner
200723,2023-04-05,18.8,web
200481,2023-02-05,69.78,partner
200028,2023-04-11,10.17,partner
200256,2023-07-11,15.55,store
200051,2023-04-09,12.72,store
200637,2023-06-19,18.09,store
200704,2023-05-23,153.83,web
200555,2023-09-11,33.48,web
200006,2023-05-30,59.14,store
200212,2023-02-22,14.91,web
200422,2023-08-20,20.79,web
200130,2023-03-19,116.86,partner
200096,2023-04-20,34.45,web
200273,2023-09-15,42.28,callcenter
200532,2023-04-10,51.54,store
200079,2023-01-23,107.14,callcenter
200898,2023-05-12,2.67,web
200413,2023-05-22,78.93,web
200154,2023-09-08,89.89,store
200018,2023-09-16,55.34,web
200861,2023-01-01,29.85,store
200535,2023-10-04,46.41,store
200778,2023-09-30,13.97,web
200698,2023-03-05,5.49,partner
200887,2023-05-04,42.55,web
200800,2023-10-07,1.25,web
200689,2023-07-30,24.1,partner
200766,2023-05-04,15.88,web
200771,2023-10-05,29.69,store
200229,2023-08-19,31.61,store
200535,2023-07-06,12.27,web
200887,2023-01-03,53.26,web
200780,2023-08-25,86.2,web
200094,2023-03-07,13.94,web
200100,2023-12-02,13.07,web
200180,2023-03-10,35.38,web
200667,2023-01-11,5.69,partner
200354,2023-05-18,36.03,partner
200565,2023-05-08,78.86,web
200125,2023-05-09,13.16,store
200053,2023-12-05,102.49,web
200693,2023-04-11,26.28,web
200262,2023-11-02,29.42,web
200038,2023-03-01,22.24,store
200194,2023-08-14,64.0,web
200290,2023-02-17,39.83,partner
200364,2023-03-25,27.52,store
200807,2023-02-24,18.61,store
200178,2023-05-01,44.82,partner
200543,2023-06-17,90.33,web
200247,2023-11-10,29.52,store
200448,2023-10-04,39.0,web
200266,2023-09-12,8.73,web
200309,2023-06-28,38.63,web
200539,2023-04-15,155.19,web
200530,2023-04-19,11.72,store
200121,2023-02-18,47.61,web
200141,2023-08-31,23.4,web
200216,2023-10-12,8.09,partner
200809,2023-07-19,-26.08,web
200285,2023-07-30,132.15,web
200520,2023-05-16,47.04,web
200404,2023-12-18,43.37,web
200318,2023-11-20,12.87,partner
200034,2023-05-29,74.35,partner
200397,2023-10-03,94.61,store
200899,2023-05-08,-92.14,web
200846,2023-02-15,70.89,partner
200270,2023-04-17,17.1,store
200479,2023-11-01,13.66,partner
200258,2023-06-25,4.86,web
200829,2023-11-12,15.06,store
200499,2023-04-28,45.86,web
200828,2023-06-17,14.86,web
200768,2023-01-27,76.85,partner
200294,2023-10-13,85.15,store
200411,2023-04-24,81.88,store
200512,2023-02-03,6.51,web
200223,2023-03-21,43.44,web
200748,2023-08-31,39.77,callcenter
200509,2023-10-25,80.35,web
200186,2023-12-15,8.36,web
200434,2023-03-27,39.39,web
200739,2023-08-04,-8.14,store
200380,2023-06-17,72.39,web
200639,2023-09-19,2.3,web
200885,2023-09-03,130.21,store
200301,2023-01-26,53.98,store
200896,2023-02-24,35.28,store
200372,2023-08-04,20.94,web
200505,2023-07-13,82.88,web
200695,2023-11-20,8.57,web
200061,2023-11-06,2.26,web
200631,2023-01-22,51.85,web
200510,2023-08-02,33.29,partner
200589,2023-05-29,45.79,callcenter
200857,2023-06-26,41.01,web
200436,2023-01-24,57.33,store
200833,2023-11-03,35.42,web
200510,2023-03-02,25.96,web
200193,2023-12-12,36.35,store
200587,2023-12-06,64.03,web
200171,2023-10-27,67.3,web
200809,2023-02-12,47.35,web
200137,2023-05-30,3.46,store
200448,2023-01-09,43.49,store
200737,2023-08-12,7.03,web
200008,2023-11-12,69.7,web
200441,2023-07-12,63.24,web
200455,2023-01-09,16.27,web
200304,2023-04-21,55.95,web
200605,2023-03-04,38.36,store
200292,2023-06-08,19.23,store
200336,2023-05-16,55.17,store
200247,2023-10-30,99.62,web
200561,2023-03-22,25.09,store
200794,2023-04-20,47.81,partner
200159,2023-03-28,15.23,web
200368,2023-11-21,20.88,web
200203,2023-04-18,36.74,partner
200219,2023-12-28,18.45,store
200874,2023-09-01,17.37,web
200639,2023-04-22,13.14,store
200850,2023-08-05,84.88,web
200571,2023-02-14,64.97,web
200599,2023-11-26,35.9,store
200643,2023-12-16,68.23,store
200587,2023-04-18,72.12,web
200739,2023-03-04,31.5,web
200293,2023-06-06,14.5,callcenter
200091,2023-10-09,48.12,store
200439,2023-08-17,85.46,web
200001,2023-01-15,61.16,web
200042,2023-01-04,96.7,store
200045,2023-03-27,71.45,web
200069,2023-10-03,140.12,web
200636,2023-04-05,50.3,callcenter
200537,2023-11-23,28.74,store
200841,2023-04-19,64.23,callcenter
200260,2023-11-22,87.89,web
200297,2023-12-02,43.76,web
200441,2023-09-23,72.55,callcenter
200703,2023-03-05,26.34,partner
200837,2023-01-27,71.2,store
200656,2023-03-05,183.83,web
200456,2023-08-19,26.55,store
200880,2023-09-10,45.93,web
200163,2023-12-26,58.43,partner
200423,2023-12-14,34.52,store
200222,2023-04-23,28.0,web
200149,2023-05-23,39.48,web
200356,2023-10-09,80.04,web
200688,2023-10-10,8.96,store
200287,2023-04-25,17.86,web
200736,2023-01-12,-33.72,web
200549,2023-02-05,73.97,web
200636,2023-10-28,39.24,web
200218,2023-05-08,22.65,store
200776,2023-09-22,103.34,web
200183,2023-10-20,44.97,web
200334,2023-11-24,27.58,web
200704,2023-06-29,57.79,callcenter
200621,2023-08-21,55.82,web
200269,2023-03-13,45.86,web
200237,2023-12-10,21.51,web
200389,2023-11-19,72.97,web
200401,2023-05-23,115.49,store
200053,2023-05-15,51.42,web
200218,2023-09-25,10.37,callcenter
200139,2023-06-01,154.34,store
200139,2023-09-22,57.44,store
200318,2023-02-02,16.04,web
200032,2023-04-09,70.42,web
200609,2023-10-12,85.73,web
200604,2023-12-03,40.42,partner
200198,2023-01-10,7.25,callcenter
200787,2023-10-12,47.53,web
200534,2023-01-26,15.61,callcenter
200282,2023-11-13,58.77,store
200174,2023-04-03,22.28,store
200386,2023-05-13,54.08,callcenter
200864,2023-09-19,28.39,callcenter
200003,2023-11-04,49.16,store
200018,2023-06-01,71.82,web
200371,2023-04-25,73.22,store
200827,2023-12-24,19.79,web
200253,2023-12-19,31.21,web
200672,2023-07-11,32.36,partner
200516,2023-01-09,46.94,web
200179,2023-12-20,89.84,web
200817,2023-08-15,35.44,web
200146,2023-07-21,54.71,store
200455,2023-02-10,34.11,web
200596,2023-12-29,22.4,callcenter
200607,2023-09-20,9.64,store
200768,2023-03-21,27.04,web
200634,2023-05-13,13.52,web
200591,2023-05-06,14.25,web
200137,2023-11-14,49.89,web
200275,2023-06-23,54.24,web
200311,2023-11-15,75.5,web
200333,2023-09-09,5.85,web
200101,2023-05-15,66.93,web
200085,2023-05-29,1.93,web
200396,2023-10-23,22.52,callcenter
200650,2023-07-02,34.21,partner
200798,2023-09-06,22.4,web
200846,2023-02-14,38.31,store
200432,2023-06-05,44.69,web
200808,2023-07-30,1.33,store
200410,2023-05-06,-55.47,partner
200426,2023-11-06,25.48,store
200188,2023-03-18,65.21,store
200565,2023-11-07,66.9,partner
200279,2023-01-24,41.65,web
200436,2023-06-05,-73.15,store
200842,2023-07-08,18.14,web
200491,2023-04-03,22.81,web
200272,2023-07-17,5.64,store
200603,2023-11-25,56.89,web
200658,2023-06-12,38.84,web
200545,2023-07-16,33.9,web
200037,2023-12-13,32.21,callcenter
200203,2023-12-04,28.57,web
200115,2023-01-05,14.35,web
200860,2023-09-23,11.7,web
200280,2023-11-07,116.04,callcenter
200426,2023-12-10,53.12,web
200811,2023-10-20,33.16,web
200892,2023-01-31,29.92,web
200197,2023-10-04,48.89,store
200773,2023-11-05,83.36,partner
200654,2023-07-11,42.39,web
200552,2023-01-08,145.33,web
200150,2023-03-11,58.47,web
200622,2023-04-11,25.59,web
200551,2023-11-11,11.45,partner
200401,2023-02-15,80.45,web
200528,2023-09-29,16.32,partner
200189,2023-03-07,65.4,web
200559,2023-10-31,49.65,web
200137,2023-01-05,9.11,store
200257,2023-03-28,48.02,store
200445,2023-02-07,54.87,web
200145,2023-07-22,28.91,callcenter
200822,2023-10-13,27.48,web
200797,2023-06-01,30.3,partner
200426,2023-07-14,79.07,web
200512,2023-08-22,26.28,web
200262,2023-06-16,6.24,partner
200190,2023-10-02,39.0,web
200864,2023-04-14,5.34,web
200371,2023-03-05,46.95,partner
200858,2023-03-10,15.12,web
200060,2023-03-05,31.82,store
200096,2023-01-14,15.36,web
200427,2023-01-16,98.45,web
200703,2023-01-20,49.37,web
200381,2023-02-27,14.57,web
200755,2023-08-20,42.15,web
200119,2023-03-29,12.11,web
200770,2023-08-02,31.45,store
200399,2023-01-27,83.28,web
200256,2023-10-20,50.04,web
200575,2023-05-10,16.25,partner
200700,2023-06-11,10.11,web
200835,2023-09-04,55.18,callcenter
200078,2023-12-31,110.85,store
200632,2023-10-17,32.92,callcenter
200283,2023-05-27,80.47,partner
200452,2023-05-07,50.68,web
200415,2023-05-04,54.58,store
200693,2023-01-31,-11.8,web
200358,2023-05-04,31.25,web
200251,2023-10-05,33.06,web
200438,2023-04-11,-3.45,web
200601,2023-05-23,20.88,web
200761,2023-01-26,22.99,partner
200004,2023-04-02,15.93,web
200511,2023-01-26,30.29,store
200065,2023-06-21,63.13,callcenter
200557,2023-04-19,64.49,web
200561,2023-12-21,90.64,web
200769,2023-08-04,71.09,store
200173,2023-05-17,44.66,callcenter
200715,2023-07-16,92.59,partner
200619,2023-12-17,24.55,web
200598,2023-03-07,35.65,callcenter
200573,2023-04-03,116.62,web
200494,2023-07-19,23.91,web
200057,2023-02-08,2.53,web
200731,2023-07-09,10.36,store
200353,2023-02-27,32.7,web
200094,2023-11-12,15.78,store
200551,2023-10-10,9.31,web
200852,2023-01-18,65.66,web
200642,2023-07-16,50.77,callcenter
200221,2023-03-18,3.78,store
200734,2023-08-01,75.17,web
200761,2023-07-18,137.57,store
200297,2023-12-20,20.55,web
200470,2023-03-06,51.5,web
200753,2023-07-04,14.06,web
200141,2023-12-19,40.58,callcenter
200318,2023-02-12,52.74,web
200410,2023-04-03,32.84,web
200006,2023-09-20,17.94,store
200150,2023-02-09,23.67,web
200549,2023-03-17,5.06,web
200237,2023-12-16,37.19,web
200217,2023-08-01,104.41,callcenter
200266,2023-01-21,10.32,web
200111,2023-11-08,90.18,web
200573,2023-07-11,28.24,web
200232,2023-06-24,4.93,web
200586,2023-12-29,66.29,web
200745,2023-04-25,37.6,store
200430,2023-05-19,12.95,store
200822,2023-07-30,-18.82,store
200176,2023-03-30,22.64,web
200865,2023-02-16,31.46,web
200289,2023-02-20,40.47,web
200272,2023-04-23,41.61,partner
200881,2023-01-30,61.65,store
200410,2023-07-04,36.5,web
200672,2023-12-29,46.23,store
200722,2023-04-03,37.66,web
200403,2023-01-15,1.11,partner
200286,2023-01-15,10.78,store
200442,2023-03-02,-13.98,web
200346,2023-08-02,35.31,web
200374,2023-06-21,37.83,web
200213,2023-05-27,28.74,web
200823,2023-10-03,51.74,web
200515,2023-05-23,57.21,web
200716,2023-08-13,31.21,store
200593,2023-12-30,62.41,web
200317,2023-03-03,27.58,web
200286,2023-02-10,44.18,web
200884,2023-03-21,2.15,web
200021,2023-02-26,31.61,web
200265,2023-10-30,64.2,store
200662,2023-11-16,35.62,web
200491,2023-07-24,13.3,web
200554,2023-02-17,41.95,callcenter
200019,2023-11-07,28.62,web
200197,2023-12-01,45.48,web
200539,2023-05-29,17.96,web
200283,2023-09-03,30.34,web
200423,2023-08-11,12.64,store
200861,2023-07-12,22.65,store
200574,2023-05-09,39.44,web
200567,2023-04-12,6.01,web
200176,2023-04-11,31.54,web
200535,2023-05-12,10.34,web
200864,2023-10-05,27.0,callcenter
200575,2023-10-29,8.85,web
200706,2023-02-11,126.03,partner
200859,2023-01-21,63.98,web
200811,2023-06-24,28.5,store
200305,2023-10-08,89.7,web
200266,2023-07-24,18.5,callcenter
200252,2023-10-30,76.5,store
200693,2023-09-18,46.21,store
200339,2023-09-15,19.23,web
200740,2023-07-16,52.86,web
200720,2023-01-20,66.15,store
200599,2023-03-07,32.49,web
200108,2023-09-29,60.64,store
200640,2023-04-23,56.86,web
200186,2023-09-21,42.44,store
200497,2023-05-04,8.8,web
200205,2023-01-05,41.19,store
200055,2023-09-04,31.78,web
200572,2023-11-22,50.24,web
200406,2023-06-12,13.75,partner
200577,2023-02-18,61.91,web
200441,2023-06-01,21.71,partner
200334,2023-12-17,14.08,partner
200014,2023-04-27,55.52,web
200248,2023-01-26,91.32,web
200792,2023-10-08,-37.57,store
200679,2023-03-28,86.78,callcenter
200417,2023-01-14,19.24,web
200028,2023-09-09,15.99,partner
200886,2023-05-04,72.71,web
200664,2023-02-20,50.46,web
200019,2023-01-20,9.84,partner
200189,2023-03-09,97.0,web
200153,2023-02-24,31.79,store
200812,2023-01-05,34.03,web
200858,2023-05-16,106.29,web
200372,2023-10-29,88.47,callcenter
200160,2023-05-25,83.78,web
200578,2023-01-14,19.3,store
200245,2023-11-18,42.34,partner
200108,2023-08-19,48.6,store
200233,2023-12-18,14.79,callcenter
200228,2023-08-01,10.18,callcenter
200048,2023-06-24,30.16,web
200630,2023-07-06,61.43,store
200316,2023-01-03,1.74,web
200495,2023-05-17,36.16,store
200495,2023-06-11,11.56,store
200693,2023-04-20,65.6,web
200686,2023-11-02,43.7,store
200507,2023-12-16,11.34,web
200754,2023-06-24,66.55,store
200512,2023-10-14,43.48,web
200023,2023-03-23,28.27,web
200772,2023-12-03,-127.12,store
200692,2023-09-14,30.7,web
200382,2023-09-25,21.9,partner
200347,2023-08-06,-53.03,store
200805,2023-10-30,100.66,partner
200383,2023-07-14,1.99,store
200334,2023-12-18,75.96,partner
200659,2023-08-30,54.75,web
200295,2023-06-15,90.05,store
200363,2023-03-18,79.39,web
200701,2023-11-28,47.31,web
200200,2023-01-21,53.78,partner
200010,2023-01-16,37.71,store
200302,2023-01-12,92.67,store
200154,2023-02-09,18.9,store
200325,2023-04-01,37.34,web
200064,2023-06-28,61.6,callcenter
200530,2023-04-11,66.65,web
200460,2023-06-15,66.81,web
200245,2023-06-13,50.59,web
200565,2023-06-09,67.14,callcenter
200130,2023-01-22,53.61,web
200009,2023-07-16,106.73,web
200429,2023-04-20,18.31,web
200145,2023-07-16,66.96,web
200770,2023-01-23,33.26,web
200272,2023-11-14,39.79,web
200385,2023-09-21,112.14,web
200264,2023-05-07,111.09,web
200390,2023-05-12,92.65,web
200087,2023-04-26,24.38,web
200840,2023-12-28,22.38,web
200155,2023-09-14,11.31,partner
200355,2023-06-17,98.09,web
200762,2023-08-25,15.22,web
200383,2023-01-24,-28.73,web
200630,2023-10-30,24.46,callcenter
200061,2023-08-06,22.02,partner
200266,2023-04-23,5.82,web
200683,2023-09-10,26.64,web
200237,2023-01-03,42.29,web
200372,2023-06-28,13.0,web
200072,2023-12-11,19.45,web
200454,2023-10-05,88.7,web
200314,2023-01-17,16.58,web
200774,2023-08-04,34.42,web
200358,2023-09-06,36.23,web
200744,2023-07-12,19.78,web
200813,2023-04-28,72.23,web
200755,2023-09-05,86.31,partner
200668,2023-06-04,10.01,web
200525,2023-12-13,24.05,web
200431,2023-11-02,18.51,partner
200073,2023-11-28,28.92,web
200121,2023-06-03,36.28,web
200342,2023-09-05,6.25,store
200590,2023-02-22,36.15,web
200004,2023-10-02,111.69,web
200842,2023-10-03,80.87,store
200893,2023-10-11,41.97,store
200070,2023-01-08,7.6,partner
200086,2023-06-16,65.38,web
200763,2023-04-11,26.15,web
200179,2023-11-30,76.34,web
200162,2023-07-16,68.26,web
200168,2023-08-12,28.67,store
200631,2023-06-09,34.05,store
200119,2023-02-11,18.97,web
200165,2023-08-15,8.11,callcenter
200357,2023-08-11,35.65,web
200540,2023-05-20,58.69,callcenter
200891,2023-08-18,38.92,web
200213,2023-05-23,32.7,store
200229,2023-08-29,53.5,store
200487,2023-05-08,31.91,store
200375,2023-10-10,42.02,store
200540,2023-11-20,27.84,store
200221,2023-06-26,35.02,store
200556,2023-01-07,12.24,partner
200832,2023-09-06,21.07,web
200614,2023-12-09,109.52,web
200661,2023-09-17,10.93,store
200062,2023-05-11,114.59,web
200812,2023-07-25,40.8,web
200633,2023-05-14,7.95,web
200564,2023-10-10,66.65,web
200139,2023-09-22,10.37,store
200498,2023-08-17,62.29,store
200609,2023-05-22,-49.29,web
200561,2023-03-04,38.73,web
200111,2023-08-14,44.96,web
200036,2023-05-04,46.76,callcenter
200431,2023-11-26,31.03,store
200645,2023-01-24,120.2,web
200348,2023-11-05,90.81,web
200618,2023-10-12,64.83,partner
200870,2023-07-08,27.89,store
200800,2023-12-29,25.78,web
200567,2023-09-19,46.59,store
200655,2023-01-16,25.99,web
200079,2023-05-24,31.26,partner
200076,2023-11-03,65.67,partner
200630,2023-10-11,93.19,web
200720,2023-02-28,47.41,store
200174,2023-03-04,42.91,partner
200533,2023-12-04,7.56,web
200257,2023-01-17,63.45,partner
200097,2023-12-13,68.49,web
200340,2023-07-17,79.95,web
200402,2023-10-22,172.29,callcenter
200698,2023-03-20,25.1,store
200778,2023-05-06,101.96,web
200849,2023-09-23,95.07,web
200094,2023-03-01,43.5,store
200831,2023-02-06,10.46,store
200466,2023-08-11,87.52,web
200153,2023-01-04,104.18,store
200582,2023-12-09,13.93,partner
200054,2023-09-04,59.53,partner
200415,2023-09-18,41.12,web
200745,2023-07-02,39.43,callcenter
200874,2023-08-16,7.92,web
200259,2023-12-14,86.04,store
200157,2023-01-02,28.12,web
200524,2023-04-01,131.42,callcenter
200141,2023-09-12,32.91,partner
200880,2023-02-14,25.19,partner
200295,2023-03-31,-27.59,web
200167,2023-01-09,34.22,store
200214,2023-01-21,33.46,web
200337,2023-06-12,86.25,web
200667,2023-08-29,33.19,partner
200780,2023-02-06,96.09,store
200662,2023-12-25,84.83,store
200584,2023-10-11,77.13,web
200243,2023-08-30,67.88,web
200843,2023-01-27,15.9,web
200899,2023-07-09,71.13,web
200568,2023-12-03,85.03,callcenter
200704,2023-03-28,100.11,store
200273,2023-07-17,8.49,web
200402,2023-07-25,82.2,web
200724,2023-09-12,8.76,web
200381,2023-12-02,61.79,web
200683,2023-02-17,54.58,partner
200773,2023-01-23,18.85,web
200840,2023-02-02,42.84,web
200262,2023-04-08,36.53,web
200428,2023-05-10,56.97,store
200347,2023-11-17,41.55,web
200452,2023-07-09,51.55,web
200668,2023-09-29,31.75,partner
200291,2023-07-30,161.46,store
200209,2023-12-14,52.55,web
200241,2023-05-01,27.8,partner
200689,2023-09-02,26.41,web
200896,2023-04-10,68.61,partner
200092,2023-03-27,214.97,web
200879,2023-12-25,91.36,web
200028,2023-01-09,39.83,web
200476,2023-04-10,7.41,web
200120,2023-05-21,19.85,web
200859,2023-02-20,24.59,web
200685,2023-10-09,6.91,web
200320,2023-05-12,34.83,web
200617,2023-06-17,62.73,web
200764,2023-04-21,29.6,web
200195,2023-11-22,73.84,store
200571,2023-06-03,26.1,partner
200269,2023-10-15,11.54,callcenter
200645,2023-08-16,22.46,web
200510,2023-12-15,20.31,web
200646,2023-08-09,-8.94,web
200573,2023-12-26,16.58,store
200572,2023-09-12,5.72,web
200076,2023-01-22,5.26,partner
200767,2023-02-27,29.1,callcenter
200154,2023-10-16,24.22,web
200352,2023-01-17,-139.59,web
200459,2023-03-11,17.26,web
200764,2023-10-16,27.5,store
200566,2023-05-10,45.47,store
200165,2023-03-21,77.53,web
200257,2023-03-14,97.63,web
200179,2023-04-26,45.9,store
200531,2023-11-02,35.23,web
200645,2023-06-16,21.41,store
200638,2023-12-15,41.65,web
200675,2023-09-19,92.4,web
200631,2023-04-08,40.57,web
200812,2023-03-01,53.48,store
200815,2023-12-11,71.13,web
200247,2023-11-26,50.31,web
200273,2023-02-14,57.09,web
200050,2023-04-28,49.22,partner
200240,2023-09-29,15.77,web
200456,2023-12-25,42.4,partner
200592,2023-11-26,45.99,callcenter
200787,2023-04-15,117.54,web
200534,2023-11-24,21.68,callcenter
200874,2023-09-22,44.43,web
200497,2023-06-18,28.96,store
200772,2023-05-18,110.89,web
200727,2023-10-24,83.9,store
200440,2023-11-02,43.81,store
200785,2023-11-30,-1.14,web
200777,2023-06-18,86.49,web
200281,2023-04-08,9.62,web
200192,2023-11-14,5.98,web
200109,2023-04-21,74.08,store
200829,2023-10-03,55.15,store
200397,2023-07-05,51.44,web
200510,2023-08-02,22.56,web
200245,2023-03-18,8.02,callcenter
200350,2023-04-02,1.7,web
200362,2023-08-27,51.23,store
200523,2023-04-05,11.6,web
200157,2023-09-02,58.0,store
200705,2023-12-28,13.29,store
200351,2023-01-31,44.62,web
200216,2023-12-04,15.18,web
200013,2023-03-04,69.4,web
200091,2023-02-20,49.64,web
200242,2023-11-01,41.64,store
200659,2023-03-16,17.63,store
200769,2023-08-25,9.12,store
200857,2023-02-08,51.49,web
200268,2023-02-01,23.09,web
200573,2023-03-15,39.55,web
200241,2023-07-10,37.74,web
200128,2023-04-16,35.77,web
200488,2023-03-23,84.56,web
200579,2023-11-02,36.37,partner
200684,2023-03-05,15.48,web
200104,2023-02-04,60.94,web
200672,2023-02-10,59.39,web
200273,2023-11-18,20.95,store
200250,2023-06-23,17.75,store
200028,2023-12-21,49.4,store
200183,2023-10-22,12.26,web
200438,2023-04-13,49.85,web
200170,2023-10-16,100.9,partner
200289,2023-06-16,60.38,partner
200477,2023-07-24,104.72,partner
200087,2023-07-13,39.76,partner
200787,2023-10-04,39.67,web
200278,2023-03-17,43.26,web
200683,2023-01-22,53.5,store
200582,2023-09-25,51.19,store
200676,2023-12-15,18.33,web
200260,2023-07-31,37.13,store
200154,2023-02-12,82.65,callcenter
200128,2023-02-10,14.93,web
200206,2023-07-18,43.2,web
200490,2023-11-24,52.78,web
200561,2023-08-13,52.77,web
200677,2023-04-21,8.88,store
200867,2023-08-15,14.56,store
200747,2023-02-27,80.54,web
200321,2023-06-24,79.64,partner
200424,2023-12-25,38.4,web
200859,2023-08-18,47.72,store
200639,2023-02-07,16.28,store
200375,2023-03-15,11.2,partner
200749,2023-01-22,6.31,web
200122,2023-05-27,10.97,store
200605,2023-03-28,47.69,store
200853,2023-12-24,34.13,partner
200474,2023-04-27,41.43,store
200551,2023-01-13,40.9,partner
200053,2023-06-08,14.16,web
200544,2023-09-27,49.85,web
200261,2023-09-08,87.97,web
200895,2023-12-23,14.38,web
200287,2023-05-14,36.15,partner
200282,2023-07-10,62.28,web
200355,2023-07-24,79.47,web
200627,2023-01-09,54.1,store
200855,2023-01-03,16.24,web
200311,2023-10-18,5.53,web
200187,2023-05-21,29.02,store
200688,2023-09-09,32.89,partner
200487,2023-12-11,79.54,web
200409,2023-03-31,26.85,store
200892,2023-10-10,13.97,web
200446,2023-03-20,19.71,web
200556,2023-09-28,53.74,web
200883,2023-02-28,-38.06,web
200188,2023-04-22,33.24,partner
200812,2023-06-21,80.95,store
200864,2023-06-28,3.07,web
200423,2023-01-12,70.98,web
200302,2023-11-05,0.88,web
200146,2023-01-03,68.35,callcenter
200043,2023-11-18,42.81,partner
200885,2023-03-17,40.77,partner
200388,2023-09-17,41.46,web
200601,2023-09-17,68.3,partner
200216,2023-06-16,13.5,store
200291,2023-07-16,58.02,web
200736,2023-01-27,69.73,web
200590,2023-11-25,34.75,web
200197,2023-02-13,22.29,web
200004,2023-08-29,7.02,web
200737,2023-01-01,191.76,web
200072,2023-09-30,41.3,store
200032,2023-05-12,-5.74,web
200270,2023-06-25,15.49,web
200836,2023-01-09,23.48,store
200580,2023-03-21,70.89,web
200037,2023-06-08,15.5,web
200825,2023-09-19,22.54,partner
200844,2023-08-07,62.86,web
200627,2023-04-06,28.01,web
200066,2023-08-06,40.02,web
200012,2023-03-23,10.17,web
200785,2023-07-22,12.39,web
200740,2023-07-17,13.98,partner
200748,2023-03-24,35.88,partner
200437,2023-03-15,39.69,web
200534,2023-07-09,42.73,web
200155,2023-08-03,80.74,web
200032,2023-12-24,22.14,store
200199,2023-06-30,8.12,partner
200559,2023-06-12,64.12,web
200361,2023-06-23,44.4,partner
200556,2023-11-16,61.08,web
200396,2023-04-23,44.31,store
200501,2023-05-20,24.15,web
200856,2023-05-15,24.14,store
200568,2023-08-16,20.01,store
200858,2023-09-13,89.75,store
200871,2023-06-25,145.09,store
200555,2023-04-07,56.06,web
200895,2023-09-09,30.81,web
200224,2023-04-11,21.38,store
200468,2023-11-24,49.94,store
200067,2023-08-16,10.29,callcenter
200082,2023-06-10,54.72,store
200119,2023-03-27,20.32,web
200120,2023-10-04,1.39,web
200369,2023-08-11,105.43,store
200648,2023-11-19,65.36,web
200887,2023-09-15,9.11,web
200883,2023-10-16,73.1,web
200160,2023-02-03,20.02,web
200392,2023-01-09,72.03,partner
200388,2023-08-29,35.48,web
200088,2023-01-01,37.37,partner
200035,2023-11-22,39.76,partner
200317,2023-11-19,35.74,partner
200770,2023-08-02,15.05,store
200346,2023-09-24,105.62,web
200345,2023-06-04,55.81,web
200896,2023-12-16,11.9,store
200339,2023-01-14,22.6,web
200617,2023-04-17,106.47,web
200883,2023-09-12,8.88,callcenter
200106,2023-10-15,54.39,store
200459,2023-03-30,-14.06,web
200303,2023-10-20,19.56,store
200106,2023-06-18,35.62,store
200043,2023-11-09,50.9,partner
200583,2023-04-08,40.73,store
200587,2023-09-10,12.68,web
200505,2023-03-17,103.4,store
200605,2023-02-20,60.35,store
200647,2023-09-15,84.21,web
200051,2023-09-06,34.22,store
200030,2023-04-18,63.37,web
200301,2023-08-09,84.85,callcenter
200511,2023-12-10,47.61,callcenter
200812,2023-05-02,46.52,web
200881,2023-07-03,53.7,web
200744,2023-03-18,53.46,web
200262,2023-07-09,48.46,web
200516,2023-11-20,69.19,web
200104,2023-08-21,33.7,web
200436,2023-02-21,98.51,web
200088,2023-09-28,4.13,store
200893,2023-06-04,62.4,web
200405,2023-01-07,94.68,web
200649,2023-08-16,22.33,web
200093,2023-04-20,27.34,web
200857,2023-12-21,99.89,web
200471,2023-12-30,62.05,partner
200064,2023-09-02,65.2,web
200331,2023-08-19,32.25,callcenter
200190,2023-04-22,30.13,web
200062,2023-01-26,32.34,web
200027,2023-01-23,29.53,partner
200641,2023-06-19,32.74,web
200781,2023-04-26,-57.47,web
200594,2023-12-17,28.65,web
200624,2023-04-17,14.19,partner
200033,2023-03-20,91.38,web
200159,2023-10-26,22.15,web
200030,2023-11-02,27.31,partner
200876,2023-05-18,9.99,store
200664,2023-01-30,46.99,store
200860,2023-02-05,21.49,web
200814,2023-07-10,13.66,store
200202,2023-11-14,73.73,store
200460,2023-05-22,119.25,web
200582,2023-01-07,24.39,store
200667,2023-05-17,62.61,callcenter
200601,2023-01-02,49.65,web
200407,2023-06-04,43.18,web
200003,2023-06-23,13.07,web
200844,2023-09-24,46.32,store
200619,2023-01-26,64.47,store
200752,2023-06-25,141.55,web
200199,2023-03-06,4.85,web
200095,2023-06-20,62.03,web
200811,2023-12-26,43.12,web
200725,2023-09-28,33.0,store
200754,2023-11-05,91.96,web
200396,2023-01-15,23.98,web
200814,2023-10-06,117.58,web
200201,2023-11-13,4.14,web
200681,2023-09-02,29.19,store
200444,2023-10-13,74.68,store
200148,2023-01-18,44.86,store
200645,2023-09-27,21.46,web
200324,2023-11-02,25.16,store
200142,2023-03-26,54.91,web
200638,2023-06-21,19.07,web
200694,2023-06-04,101.52,store
200290,2023-02-05,36.56,web
200870,2023-02-16,33.86,web
200639,2023-04-20,50.42,web
200020,2023-02-09,10.07,store
200302,2023-07-03,45.03,web
200876,2023-01-21,155.82,partner
200159,2023-01-05,35.74,web
200858,2023-08-18,43.85,web
200466,2023-04-03,67.61,web
200607,2023-05-18,99.76,store
200617,2023-05-03,44.66,store
200460,2023-06-21,32.53,web
200465,2023-06-19,72.88,store
200510,2023-02-18,18.87,web
200577,2023-01-01,98.0,callcenter
200663,2023-06-11,79.92,web
200394,2023-07-26,71.39,web
200392,2023-10-08,52.06,store
200700,2023-03-14,61.24,web
200681,2023-01-31,61.19,store
200584,2023-08-06,-48.21,web
200414,2023-11-26,24.14,web
200517,2023-03-29,62.53,web
200513,2023-02-01,12.74,web
200391,2023-05-27,15.36,web
200160,2023-07-24,-101.6,web
200482,2023-08-16,15.02,store
200398,2023-02-11,86.38,web
200045,2023-08-28,14.5,web
200859,2023-05-06,34.26,partner
200600,2023-01-12,37.11,web
200102,2023-12-03,9.23,partner
200183,2023-07-15,57.33,web
200514,2023-04-22,10.99,partner
200774,2023-10-26,11.73,store
200436,2023-10-18,10.51,web
200731,2023-03-17,4.04,web
200115,2023-12-17,70.38,web
200475,2023-07-14,25.0,web
200744,2023-04-06,30.44,web
200762,2023-06-13,33.9,store
200216,2023-03-10,26.03,store
200603,2023-11-07,13.89,web
200035,2023-04-09,23.68,store
200127,2023-06-10,33.72,web
200810,2023-01-25,13.08,web
200666,2023-12-11,24.47,web
200186,2023-04-21,77.53,web
200896,2023-08-27,23.53,web
200893,2023-05-09,-50.86,web
200036,2023-07-24,56.29,web
200023,2023-07-24,6.84,callcenter
200220,2023-04-17,57.27,store
200714,2023-06-07,70.83,callcenter
200537,2023-08-06,52.36,web
200461,2023-03-21,27.9,partner
200373,2023-02-17,10.35,web
200431,2023-03-07,54.24,web
200573,2023-06-01,24.7,web
200057,2023-03-20,31.35,web
200527,2023-04-14,18.29,web
200198,2023-09-08,34.03,store
200709,2023-09-02,32.48,store
200175,2023-12-11,14.67,web
200063,2023-10-06,49.2,store
200391,2023-06-04,101.4,web
200396,2023-12-05,74.77,web
200466,2023-12-03,107.18,web
200774,2023-03-23,23.52,web
200629,2023-03-04,16.39,web
200326,2023-11-19,5.68,web
200653,2023-11-21,28.92,web
200453,2023-11-05,32.16,partner
200201,2023-06-18,37.86,partner
200019,2023-11-11,14.02,callcenter
200003,2023-10-08,43.13,web
200201,2023-09-28,35.8,web
200737,2023-08-08,43.67,store
200417,2023-04-08,50.81,store
200406,2023-09-30,39.14,web
200359,2023-11-17,73.26,store
200230,2023-11-19,48.26,callcenter
200643,2023-08-07,36.61,web
200011,2023-01-15,20.49,callcenter
200550,2023-09-28,29.6,web
200843,2023-04-03,9.84,web
200792,2023-03-16,63.4,web
200332,2023-01-29,20.62,store
200769,2023-02-27,16.07,web
200213,2023-06-28,11.3,web
200217,2023-04-12,19.25,web
200309,2023-05-20,24.27,web
200015,2023-07-06,83.44,store
200239,2023-07-12,20.24,web
200769,2023-06-02,96.49,web
200686,2023-06-15,84.08,callcenter
200296,2023-11-20,81.9,partner
200281,2023-04-14,54.78,callcenter
200312,2023-01-05,7.57,web
200107,2023-10-20,75.66,web
200142,2023-01-30,8.58,store
200893,2023-10-10,14.6,callcenter
200623,2023-04-29,24.17,web
200609,2023-11-04,20.86,callcenter
200252,2023-03-03,65.74,web
200770,2023-03-02,60.06,store
200159,2023-05-29,32.79,web
200871,2023-06-02,54.21,web
200453,2023-09-19,40.16,web
200297,2023-08-25,35.51,web
200675,2023-12-29,26.43,store
200375,2023-09-05,18.38,store
200242,2023-03-15,1.92,web
200615,2023-02-02,64.56,store
200649,2023-04-08,19.72,web
200542,2023-12-25,21.34,web
200415,2023-10-08,18.61,web
200295,2023-09-28,43.76,web
200363,2023-04-10,51.57,web
200786,2023-06-21,22.25,partner
200323,2023-09-14,36.55,callcenter
200870,2023-12-12,23.47,web
200131,2023-08-01,64.65,web
200146,2023-01-08,46.67,store
200299,2023-11-09,4.33,web
200002,2023-12-07,50.23,web
200791,2023-01-13,38.49,callcenter
200306,2023-05-24,17.16,partner
200091,2023-12-24,15.16,callcenter
200556,2023-12-15,59.6,web
200862,2023-12-18,62.32,web
200894,2023-12-23,40.13,store
200096,2023-01-09,22.6,web
200713,2023-02-25,17.61,store
200325,2023-07-02,18.25,web
200752,2023-08-09,26.97,partner
200545,2023-05-27,72.23,web
200658,2023-04-08,6.64,web
200754,2023-04-03,35.76,partner
200805,2023-08-09,27.18,store
200129,2023-12-23,47.29,web
200651,2023-10-29,14.34,callcenter
200126,2023-03-05,29.8,store
200849,2023-02-24,61.44,store
200565,2023-04-07,40.45,web
200173,2023-09-25,23.96,partner
200263,2023-01-04,16.8,store
200806,2023-09-15,84.2,store
200580,2023-07-31,10.25,callcenter
200206,2023-08-29,92.1,web
200738,2023-11-11,39.65,store
200646,2023-08-04,32.11,partner
200069,2023-08-15,71.27,web
200254,2023-06-25,-73.51,store
200760,2023-08-26,37.52,partner
200315,2023-05-19,48.46,web
200033,2023-01-25,12.7,web
200543,2023-01-10,29.93,web
200808,2023-09-18,20.34,web
200500,2023-08-21,85.14,web
200878,2023-05-30,79.69,store
200102,2023-09-30,12.99,store
200600,2023-06-22,12.22,web
200584,2023-04-04,31.08,web
200885,2023-08-02,94.31,store
200469,2023-05-18,25.07,partner
200739,2023-12-23,138.47,partner
200130,2023-09-21,10.56,store
200039,2023-10-01,-19.67,web
200644,2023-09-09,12.63,callcenter
200003,2023-09-07,37.98,partner
200787,2023-10-10,24.54,callcenter
200018,2023-06-07,88.59,store
200619,2023-10-27,22.88,web
200406,2023-01-13,63.16,web
200580,2023-09-01,13.39,web
200561,2023-07-16,28.48,web
200399,2023-01-04,5.44,web
200433,2023-08-30,95.37,callcenter
200453,2023-01-01,30.97,web
200609,2023-09-15,62.85,web
200639,2023-07-11,7.89,store
200404,2023-08-10,9.67,web
200317,2023-08-11,13.71,web
200038,2023-04-20,21.07,store
200701,2023-08-16,72.86,web
200203,2023-03-22,23.75,web
200390,2023-10-04,50.57,web
200893,2023-02-02,110.76,web
200706,2023-02-21,27.42,web
200311,2023-09-14,8.87,web
200427,2023-01-22,13.97,callcenter
200292,2023-12-21,54.03,web
200563,2023-01-12,20.48,web
200137,2023-07-11,7.77,web
200857,2023-12-26,176.1,store
200888,2023-09-03,76.81,web
200268,2023-08-19,16.44,store
200207,2023-09-10,131.73,partner
200485,2023-09-15,153.24,web
200582,2023-02-28,115.05,partner
200579,2023-04-23,28.13,web
200037,2023-03-12,33.59,partner
200639,2023-03-19,52.25,store
200059,2023-03-17,18.34,store
200307,2023-08-21,72.65,web
200645,2023-12-07,45.07,web
200798,2023-07-24,71.15,web
200571,2023-01-06,24.02,web
200143,2023-09-10,42.51,store
200612,2023-07-17,11.29,web
200033,2023-10-11,22.06,web
200207,2023-05-18,26.01,web
200111,2023-06-06,53.82,partner
200886,2023-08-29,67.81,web
200331,2023-09-16,13.24,store
200502,2023-03-22,84.23,callcenter
200711,2023-08-03,49.09,web
200872,2023-12-17,57.21,web
200895,2023-01-24,67.42,callcenter
200147,2023-05-01,15.81,store
200354,2023-07-14,83.18,web
200364,2023-12-04,20.76,web
200716,2023-12-20,32.29,web
200302,2023-08-04,28.3,store
200208,2023-07-19,132.0,web
200679,2023-06-01,16.36,partner
200445,2023-06-12,115.35,web
200672,2023-09-25,95.95,web
200341,2023-07-18,10.51,web
200437,2023-07-21,20.24,web
200008,2023-11-05,20.58,partner
200014,2023-02-20,-58.03,web
200000,2023-12-16,83.37,store
200157,2023-09-15,20.62,web
200312,2023-08-03,8.31,web
200045,2023-07-31,58.14,web
200144,2023-07-30,38.75,web
200762,2023-07-26,10.23,callcenter
200769,2023-05-08,52.51,web
200260,2023-09-27,36.53,web
200851,2023-04-03,13.27,web
200106,2023-08-27,23.4,store
200028,2023-07-12,110.3,web
200318,2023-05-14,1.81,callcenter
200238,2023-10-21,14.94,store
200069,2023-04-27,9.27,store
200762,2023-08-29,28.88,web
200880,2023-04-02,41.08,web
200243,2023-03-15,32.97,partner
200283,2023-07-29,-36.09,web
200646,2023-12-23,43.21,store
200839,2023-04-20,23.23,store
200258,2023-02-11,159.26,callcenter
200614,2023-02-13,38.42,web
200020,2023-06-29,11.22,partner
200509,2023-10-13,33.73,web
200888,2023-09-17,58.37,store
200427,2023-03-18,64.57,store
200577,2023-11-01,52.38,web
200618,2023-03-02,40.33,web
200569,2023-07-24,15.71,web
200617,2023-11-06,46.55,web
200798,2023-10-22,33.11,web
200009,2023-09-14,19.78,web
200796,2023-05-01,38.42,web
200817,2023-10-07,-67.18,web
200813,2023-05-22,8.06,web
200331,2023-05-08,15.63,store
200524,2023-07-14,60.83,web
200317,2023-08-14,12.54,store
200756,2023-03-18,80.27,partner
200365,2023-12-07,29.74,partner
200281,2023-11-13,51.82,web
200616,2023-04-14,59.04,web
200044,2023-03-30,34.71,web
200338,2023-01-26,84.81,web
200185,2023-05-29,39.38,web
200336,2023-03-04,42.43,web
200403,2023-12-06,10.4,partner
200057,2023-11-24,112.76,web
200778,2023-10-30,67.29,web
200374,2023-04-13,14.24,web
200322,2023-09-09,10.52,web
200134,2023-06-29,26.11,web
200896,2023-04-10,28.97,web
200770,2023-07-15,36.83,store
200433,2023-03-02,-81.29,partner
200301,2023-12-17,84.26,store
200420,2023-03-01,66.13,partner
200864,2023-04-21,-4.81,store
200199,2023-03-22,102.44,web
200616,2023-07-10,72.45,partner
200813,2023-09-03,55.2,web
200680,2023-12-16,-30.1,store
200783,2023-05-22,51.94,web
200852,2023-03-15,8.81,web
200053,2023-01-08,50.37,web
200215,2023-08-07,70.06,web
200129,2023-12-24,45.25,store
200510,2023-01-24,29.8,partner
200366,2023-12-30,86.45,partner
200036,2023-04-06,-146.07,partner
200501,2023-11-28,54.56,partner
200090,2023-01-26,69.08,partner
200366,2023-11-22,35.45,store
200329,2023-05-01,25.68,store
200804,2023-04-11,73.01,web
200614,2023-03-17,123.66,callcenter
200561,2023-02-18,20.77,web
200748,2023-10-19,14.68,web
200162,2023-01-26,23.89,web
200230,2023-06-19,19.82,partner
200677,2023-12-13,90.83,store
200674,2023-05-28,83.83,web
200019,2023-10-29,22.99,web
200201,2023-09-10,43.38,store
200204,2023-10-18,14.99,store
200005,2023-12-12,34.31,web
200595,2023-02-05,14.31,store
200048,2023-04-21,30.13,store
200757,2023-04-28,14.65,web
200527,2023-01-25,-85.96,web
200685,2023-02-08,44.55,web
200447,2023-02-10,49.62,store
200873,2023-12-13,20.57,callcenter
200243,2023-11-09,27.03,callcenter
200502,2023-08-03,41.89,store
200005,2023-11-05,123.2,web
200749,2023-05-06,38.18,web
200511,2023-06-23,96.89,store
200158,2023-11-19,28.8,web
200735,2023-02-23,39.66,store
200890,2023-02-23,81.81,callcenter
200061,2023-07-12,63.75,web
200761,2023-04-03,19.52,web
200662,2023-09-01,50.51,store
200318,2023-08-21,52.84,web
200571,2023-05-02,59.09,web
200706,2023-02-12,20.9,store
200431,2023-01-31,12.44,web
200599,2023-06-11,100.78,web
200043,2023-04-28,147.72,callcenter
200832,2023-01-13,58.2,web
200831,2023-09-10,27.59,web
200189,2023-12-16,90.55,partner
200429,2023-12-24,17.61,web
200214,2023-02-12,18.85,web
200359,2023-03-11,105.54,callcenter
200247,2023-06-07,139.19,store
200775,2023-11-30,24.96,web
200625,2023-07-29,20.45,store
200761,2023-06-16,38.79,web
200713,2023-12-04,16.04,partner
200654,2023-08-31,10.57,store
200149,2023-12-26,10.98,store
200746,2023-11-12,49.44,web
200704,2023-12-31,36.99,web
200111,2023-07-23,81.23,web
200078,2023-05-17,105.77,store
200684,2023-01-23,56.44,store
200351,2023-09-24,16.05,web
200295,2023-04-08,5.29,web
200356,2023-01-05,29.3,web
200780,2023-10-21,26.27,web
200327,2023-06-04,16.82,partner
200333,2023-07-21,55.26,partner
200359,2023-10-14,58.29,store
200048,2023-05-01,48.18,partner
200033,2023-10-26,143.98,store
200372,2023-08-01,-11.42,web
200015,2023-07-27,30.76,store
200681,2023-04-09,38.23,web
200381,2023-10-15,27.61,web
200450,2023-03-29,24.73,store
200302,2023-08-14,65.24,web
200687,2023-10-30,21.16,partner
200384,2023-02-12,17.91,web
200031,2023-05-27,57.99,web
200439,2023-09-05,56.86,web
200159,2023-04-11,9.75,web
200535,2023-01-11,82.12,web
200507,2023-05-30,128.19,web
200427,2023-07-01,6.94,web
200346,2023-12-03,65.7,web
200536,2023-10-22,46.25,web
200612,2023-03-07,42.82,web
200790,2023-04-12,85.59,partner
200866,2023-03-09,45.59,partner
200074,2023-11-29,44.22,web
200593,2023-05-10,26.34,store
200076,2023-11-22,88.45,callcenter
200375,2023-01-23,9.35,web
200667,2023-07-23,74.26,partner
200488,2023-01-28,20.28,store
200727,2023-07-22,37.1,web
200821,2023-01-05,16.26,web
200876,2023-02-27,28.83,callcenter
200605,2023-02-23,18.72,web
200606,2023-09-16,31.14,web
200722,2023-08-22,77.91,web
200209,2023-07-23,25.78,web
200271,2023-03-13,54.86,web
200307,2023-04-08,23.49,web
200669,2023-05-18,18.69,store
200316,2023-12-24,39.38,web
200125,2023-09-15,2.99,partner
200718,2023-01-12,24.57,callcenter
200674,2023-01-12,90.07,web
200534,2023-05-07,52.49,callcenter
200793,2023-03-18,37.7,store
200712,2023-05-29,35.06,web
200810,2023-12-30,77.92,web
200233,2023-03-13,23.6,web
200104,2023-08-06,29.92,callcenter
200307,2023-06-26,3.19,web
200746,2023-08-29,35.29,store
200832,2023-07-19,54.69,partner
200098,2023-07-08,25.32,callcenter
200769,2023-04-11,49.35,partner
200430,2023-12-19,29.81,web
200736,2023-04-08,51.01,web
200614,2023-02-22,41.52,web
200054,2023-02-05,-20.36,web
200435,2023-01-25,30.41,partner
200080,2023-05-09,35.39,store
200305,2023-10-25,34.75,callcenter
200681,2023-02-26,106.5,web
200615,2023-01-02,33.98,web
200634,2023-07-13,91.29,web
200594,2023-07-24,15.51,web
200013,2023-07-25,49.72,store
200524,2023-01-01,65.56,store
200436,2023-03-16,9.45,store
200475,2023-05-08,55.8,partner
200191,2023-09-27,4.6,web
200635,2023-08-26,22.8,web
200546,2023-10-25,38.82,store
200362,2023-07-19,107.84,web
200050,2023-05-28,55.96,web
200061,2023-07-24,22.18,web
200323,2023-05-21,76.73,callcenter
200483,2023-02-27,12.15,partner
200897,2023-07-30,6.2,web
200651,2023-04-18,49.18,store
200436,2023-04-07,24.81,web
200269,2023-09-17,39.98,web
200151,2023-01-25,11.9,web
200126,2023-01-09,82.42,web
200064,2023-05-10,76.98,callcenter
200820,2023-08-06,9.24,web
200014,2023-11-03,15.14,web
200777,2023-07-08,91.87,partner
200525,2023-04-05,24.47,web
200556,2023-05-06,12.51,store
200862,2023-05-19,43.65,web
200707,2023-05-03,25.86,web
200132,2023-09-02,12.0,web
200871,2023-10-19,110.33,partner
200158,2023-09-16,6.01,web
200512,2023-05-20,32.64,web
200576,2023-04-15,66.69,web
200219,2023-01-30,86.37,partner
200567,2023-10-19,56.78,store
200574,2023-12-18,69.6,callcenter
200881,2023-01-21,61.89,store
200823,2023-02-17,38.79,web
200359,2023-03-20,18.26,web
200621,2023-10-19,27.08,web
200738,2023-03-20,14.2,web
200023,2023-01-06,41.34,web
200616,2023-05-03,17.97,store
200825,2023-05-14,33.4,web
200108,2023-05-25,30.62,callcenter
200678,2023-07-08,46.86,web
200054,2023-03-30,33.3,store
200361,2023-01-11,35.72,web
200737,2023-02-09,10.57,store
200888,2023-09-25,22.25,callcenter
200654,2023-08-29,0.4,web
200649,2023-04-06,54.97,web
200233,2023-12-10,-29.14,store
200742,2023-07-17,-25.93,partner
200593,2023-10-18,42.3,store
200848,2023-10-17,37.78,web
200542,2023-04-20,41.63,store
200035,2023-08-04,47.07,store
200459,2023-08-05,32.71,web
200696,2023-06-16,13.96,store
200709,2023-08-20,11.86,web
200347,2023-05-03,20.75,web
200153,2023-02-05,100.66,web
200782,2023-01-17,36.54,store
200740,2023-06-13,51.5,web
200791,2023-11-30,26.73,web
200603,2023-03-20,30.9,store
200745,2023-08-05,18.43,web
200362,2023-03-01,53.13,web
200701,2023-08-19,28.84,callcenter
200439,2023-03-09,56.92,store
200714,2023-06-10,3.58,web
200131,2023-10-23,58.93,web
200266,2023-05-17,15.95,web
200192,2023-12-07,18.57,store
200365,2023-01-18,68.82,web
200733,2023-01-31,75.52,web
200103,2023-03-03,38.86,partner
200657,2023-03-30,72.0,store
200747,2023-06-05,22.33,partner
200604,2023-11-30,25.83,store
200581,2023-03-30,87.92,partner
200124,2023-05-11,5.18,web
200551,2023-01-17,52.35,web
200203,2023-09-18,32.26,web
200221,2023-07-19,42.92,web
200775,2023-01-17,38.18,partner
200553,2023-06-19,42.3,store
200894,2023-03-21,31.7,web
200409,2023-06-03,41.8,web
200321,2023-04-14,51.9,store
200895,2023-10-14,27.01,web
200560,2023-01-21,32.45,store
200776,2023-08-07,40.65,callcenter
200040,2023-10-17,72.42,store
200473,2023-01-01,8.08,web
200735,2023-11-27,15.04,store
200727,2023-10-06,112.43,store
200643,2023-04-12,47.79,partner
200148,2023-06-26,46.59,web
200492,2023-09-06,151.77,store
200091,2023-07-08,46.01,store
200721,2023-10-04,24.4,web
200567,2023-11-21,2.89,web
200174,2023-05-11,31.07,web
200654,2023-02-09,37.04,partner
200647,2023-06-07,64.86,web
200047,2023-08-07,67.3,web
200080,2023-10-10,53.42,web
200180,2023-04-13,74.35,web
200063,2023-12-05,41.97,store
200483,2023-01-14,8.42,web
200791,2023-07-31,29.29,web
200056,2023-06-09,29.48,web
200553,2023-09-11,39.2,web
200381,2023-04-14,76.2,store
200752,2023-12-07,34.69,partner
200433,2023-01-01,35.33,web
200601,2023-10-25,164.81,web
200829,2023-06-29,16.15,web
200122,2023-07-08,44.86,web
200284,2023-04-24,-22.68,web
200242,2023-05-23,48.2,partner
200151,2023-06-08,82.57,web
200583,2023-04-24,59.79,web
200006,2023-01-05,-44.22,callcenter
200347,2023-05-27,35.82,store
200109,2023-05-27,74.41,web
200553,2023-09-21,62.38,store
200675,2023-06-21,36.16,store
200420,2023-07-20,152.95,partner
200400,2023-06-20,20.08,web
200404,2023-06-04,145.24,web
200178,2023-09-19,76.44,store
200338,2023-09-04,12.06,callcenter
200839,2023-12-28,-21.86,store
200037,2023-07-01,44.48,web
200708,2023-01-11,9.34,callcenter
200148,2023-08-02,63.53,web
200102,2023-05-25,34.88,web
200257,2023-02-04,65.5,web
200242,2023-11-09,59.7,partner
200284,2023-08-20,30.57,web
200764,2023-08-17,22.34,callcenter
200814,2023-08-21,4.34,web
200623,2023-12-26,149.61,web
200131,2023-09-09,56.92,store
200850,2023-09-18,13.54,web
200762,2023-10-02,34.79,web
200068,2023-09-22,73.89,callcenter
200348,2023-09-14,38.56,callcenter
200697,2023-01-28,10.52,store
200080,2023-05-27,62.09,web
200068,2023-04-11,10.6,store
200545,2023-11-22,68.36,store
200302,2023-08-02,49.25,web
200397,2023-07-08,35.7,web
200675,2023-07-10,34.54,web
200490,2023-09-07,29.38,web
200639,2023-10-06,56.77,web
200113,2023-03-15,12.92,web
200001,2023-12-29,23.71,partner
200226,2023-10-06,94.33,partner
200181,2023-03-17,138.88,web
200291,2023-08-10,32.14,callcenter
200700,2023-06-06,40.87,store
200136,2023-05-18,15.09,partner
200113,2023-11-13,19.7,partner
200180,2023-04-15,4.66,web
200293,2023-11-02,8.24,partner
200177,2023-08-21,26.46,web
200165,2023-10-26,70.47,callcenter
200521,2023-09-30,35.78,store
200100,2023-08-15,91.31,store
200138,2023-03-11,23.88,web
200752,2023-12-29,80.05,web
200016,2023-08-23,168.15,web
200055,2023-05-11,48.29,web
200062,2023-04-04,4.31,web
200482,2023-02-12,4.18,web
200625,2023-04-26,8.78,callcenter
200623,2023-02-18,18.7,partner
200621,2023-11-21,67.16,web
200051,2023-06-09,25.71,partner
200310,2023-08-17,79.94,store
200570,2023-10-21,21.86,callcenter
200613,2023-12-17,164.19,store
200300,2023-06-15,94.82,store
200762,2023-01-20,24.2,web
200750,2023-08-12,16.69,store
200689,2023-12-12,95.65,store
200717,2023-05-11,13.17,web
200877,2023-02-07,22.66,web
200714,2023-09-18,12.96,partner
200526,2023-08-15,43.28,callcenter
200358,2023-02-25,83.76,store
200325,2023-01-02,24.97,web
200740,2023-07-09,72.08,web
200266,2023-02-24,-45.6,web
200566,2023-03-09,12.57,partner
200452,2023-04-23,23.33,web
200340,2023-06-21,8.27,web
200405,2023-10-26,-115.07,store
200072,2023-06-07,40.03,store
200638,2023-11-02,35.33,partner
200060,2023-08-09,39.28,web
200066,2023-05-24,16.28,web
200226,2023-07-05,25.92,web
200478,2023-02-21,47.96,store
200269,2023-12-23,6.15,web
200792,2023-04-21,3.11,store
200834,2023-11-25,21.47,web
200353,2023-08-24,18.53,web
200899,2023-04-18,87.57,web
200080,2023-06-27,16.24,partner
200129,2023-02-14,48.82,store
200312,2023-08-13,18.47,web
200848,2023-01-24,46.65,web
200453,2023-08-22,40.6,web
200635,2023-03-14,103.08,web
200587,2023-02-16,14.83,partner
200448,2023-03-23,14.89,web
200838,2023-02-02,182.18,web
200859,2023-11-21,81.62,callcenter
200403,2023-12-08,23.01,store
200642,2023-12-04,15.66,web
200561,2023-09-20,13.68,web
200534,2023-03-26,79.12,web
200091,2023-10-04,19.76,store
200188,2023-10-04,16.71,callcenter
200891,2023-03-28,16.3,web
200219,2023-11-02,54.5,web
200586,2023-12-30,28.95,web
200820,2023-05-18,80.99,web
200542,2023-08-03,131.97,store
200193,2023-11-15,40.66,web
200773,2023-04-06,-44.02,callcenter
200029,2023-12-27,-27.62,web
200650,2023-04-21,39.3,store
200239,2023-12-20,4.62,store
200576,2023-03-27,47.23,web
200432,2023-09-28,68.77,partner
200512,2023-07-11,12.77,store
200343,2023-05-16,116.83,store
200476,2023-06-10,21.87,store
200842,2023-03-24,95.97,store
200743,2023-09-03,58.18,web
200376,2023-12-29,11.33,store
200847,2023-08-02,77.76,partner
200800,2023-04-11,35.6,store
200564,2023-09-02,50.82,partner
200535,2023-06-10,28.22,callcenter
200032,2023-12-03,31.91,web
200471,2023-04-07,6.28,store
200191,2023-07-09,53.77,partner
200144,2023-07-01,34.91,web
200772,2023-11-20,44.31,web
200243,2023-02-10,51.88,web
200553,2023-08-14,49.03,partner
200780,2023-10-23,55.44,callcenter
200538,2023-05-12,6.1,partner
200701,2023-07-04,28.84,web
200697,2023-04-18,11.09,store
200402,2023-06-03,1.73,web
200829,2023-12-13,50.12,callcenter
200818,2023-05-13,130.24,callcenter
200303,2023-03-15,2.19,store
200737,2023-07-31,54.04,web
200164,2023-06-21,26.23,callcenter
200100,2023-10-12,32.08,partner
200477,2023-01-14,52.71,callcenter
200545,2023-11-26,47.29,web
200525,2023-09-14,28.2,web
200718,2023-11-04,21.93,web
200351,2023-05-29,47.69,web
200727,2023-06-12,3.24,partner
200811,2023-05-03,52.34,web
200082,2023-11-01,-26.33,store
200404,2023-01-26,89.64,partner
200202,2023-07-12,34.36,web
200590,2023-04-05,86.49,web
200371,2023-08-21,14.26,store
200253,2023-12-18,13.12,web
200226,2023-09-04,17.95,web
200319,2023-01-17,100.86,store
200098,2023-05-26,33.25,web
200094,2023-01-12,21.16,store
200565,2023-06-27,47.03,partner
200848,2023-03-05,18.9,web
200456,2023-09-10,46.61,web
200834,2023-07-14,33.08,web
200139,2023-04-23,20.46,store
200875,2023-11-09,34.61,web
200527,2023-09-30,34.65,web
200669,2023-08-17,64.19,store
200055,2023-05-10,10.56,web
200543,2023-04-10,-23.52,store
200344,2023-08-02,41.27,partner
200808,2023-10-16,17.03,web
200713,2023-11-02,29.91,partner
200777,2023-10-11,20.12,web
200801,2023-01-09,25.41,web
200648,2023-12-26,13.23,web
200220,2023-03-29,130.54,store
200254,2023-01-04,3.48,store
200773,2023-07-24,20.01,partner
200541,2023-06-16,34.18,web
200802,2023-02-08,33.91,partner
200715,2023-03-20,79.89,web
200546,2023-03-17,10.43,store
200137,2023-06-10,6.54,web
200883,2023-10-01,22.58,web
200218,2023-09-06,34.22,web
200221,2023-01-10,26.9,web
200131,2023-03-05,-68.23,web
200062,2023-08-11,11.89,web
200337,2023-10-21,20.72,callcenter
200759,2023-01-13,51.8,partner
200779,2023-05-03,34.68,callcenter
200441,2023-02-12,81.06,web
200283,2023-06-27,34.75,web
200311,2023-05-23,10.29,web
200827,2023-03-05,74.17,store
200049,2023-12-19,68.37,callcenter
200051,2023-10-06,46.56,web
200058,2023-07-19,146.48,store
200799,2023-10-07,36.04,web
200081,2023-04-24,38.23,store
200847,2023-12-08,67.15,partner
200165,2023-05-31,42.8,store
200493,2023-05-21,37.9,store
200873,2023-07-27,6.37,web
200104,2023-07-31,-9.09,web
200253,2023-08-15,9.06,web
200654,2023-10-31,25.85,partner
200735,2023-04-08,83.8,store
200816,2023-09-16,113.75,web
200017,2023-03-14,91.61,web
200699,2023-03-29,94.39,web
200289,2023-06-30,15.31,web
200501,2023-07-11,34.66,web
200815,2023-08-24,13.44,partner
200812,2023-02-20,45.16,web
200166,2023-10-26,26.06,callcenter
200423,2023-07-23,6.63,web
200255,2023-08-05,49.61,web
200553,2023-09-30,18.45,partner
200743,2023-09-10,31.86,web
200286,2023-06-06,22.11,partner
200109,2023-06-26,54.62,store
200057,2023-03-26,39.01,web
200047,2023-07-26,34.31,callcenter
200329,2023-03-16,89.44,web
200869,2023-08-20,23.43,web
200226,2023-06-02,47.39,partner
200364,2023-03-28,24.15,web
200607,2023-06-23,166.74,store
200592,2023-12-07,76.16,web
200243,2023-07-25,109.35,callcenter
200114,2023-05-07,38.19,web
200140,2023-06-14,78.4,web
200198,2023-08-09,12.23,callcenter
200077,2023-02-26,10.29,store
200413,2023-07-24,29.08,store
200581,2023-01-13,44.21,web
200607,2023-11-08,84.25,store
200818,2023-08-11,35.85,web
200263,2023-02-11,28.79,web
200589,2023-06-20,62.59,web
200796,2023-11-19,105.26,web
200025,2023-12-19,65.67,web
200703,2023-02-20,49.93,partner
200079,2023-04-09,77.95,web
200496,2023-02-22,73.75,web
200747,2023-05-15,65.88,store
200413,2023-11-11,75.02,web
200503,2023-09-15,45.24,web
200557,2023-04-04,120.09,web
200520,2023-04-29,10.54,web
200658,2023-08-12,56.41,partner
200773,2023-08-06,19.74,web
200121,2023-06-19,41.88,web
200374,2023-06-03,11.34,web
200767,2023-12-08,-25.41,web
200343,2023-07-03,28.38,web
200440,2023-10-13,51.55,web
200667,2023-12-17,23.57,web
200841,2023-05-03,30.35,store
200226,2023-10-12,64.62,web
200859,2023-10-24,85.58,web
200638,2023-03-22,27.35,store
200027,2023-03-24,95.03,web
200775,2023-02-28,61.49,web
200346,2023-08-13,94.13,callcenter
200253,2023-10-05,39.81,web
200473,2023-10-02,29.89,store
200518,2023-05-22,35.18,partner
200485,2023-09-14,50.52,web
200049,2023-01-11,39.15,web
200740,2023-08-28,40.04,store
200307,2023-06-23,61.1,web
200126,2023-10-30,23.84,web
200509,2023-12-20,43.13,callcenter
200560,2023-07-23,11.2,web
200093,2023-08-15,36.85,partner
200848,2023-12-05,27.97,web
200540,2023-05-06,28.84,store
200897,2023-02-22,13.78,web
200603,2023-07-04,22.72,store
200009,2023-05-10,51.54,web
200187,2023-08-20,16.71,web
200875,2023-10-13,5.81,partner
200503,2023-07-03,57.06,partner
200109,2023-04-23,140.12,web
200066,2023-07-26,21.58,web
200483,2023-06-11,118.46,partner
200534,2023-03-09,5.03,web
200221,2023-10-10,54.66,partner
200175,2023-05-02,19.67,web
200545,2023-07-16,137.78,web
200391,2023-11-28,32.56,web
200033,2023-03-10,22.92,web
200051,2023-06-05,0.87,store
200214,2023-03-05,67.85,web
200507,2023-06-09,-64.82,callcenter
200270,2023-04-20,91.8,web
200013,2023-12-01,45.07,store
200824,2023-04-21,29.81,store
200624,2023-08-13,81.04,web
200525,2023-02-19,25.51,partner
200219,2023-06-16,10.25,web
200637,2023-11-01,53.38,store
200851,2023-09-03,74.74,web
200608,2023-04-14,8.09,web
200266,2023-12-21,42.6,web
200353,2023-10-20,68.06,web
200836,2023-05-27,23.75,callcenter
200012,2023-12-22,117.39,partner
200199,2023-03-10,21.58,partner
200096,2023-05-02,21.59,store
200577,2023-12-06,25.81,store
200412,2023-12-21,15.84,partner
200119,2023-10-28,21.58,web
200847,2023-03-11,41.5,partner
200496,2023-03-21,17.86,web
200223,2023-08-25,57.44,store
200851,2023-01-21,9.03,web
200628,2023-12-28,-18.08,web
200116,2023-12-10,118.96,web
200743,2023-10-23,21.01,callcenter
200053,2023-12-20,36.56,store
200816,2023-03-25,38.96,web
200354,2023-11-18,14.65,callcenter
200264,2023-04-04,19.36,callcenter
200048,2023-02-14,48.68,store
200838,2023-04-06,21.11,web
200503,2023-10-10,20.11,web
200547,2023-12-11,19.26,partner
200765,2023-08-12,90.86,web
200457,2023-03-31,78.53,web
200260,2023-08-08,42.02,web
200700,2023-07-06,32.04,store
200477,2023-07-09,40.29,web
200214,2023-05-08,51.31,partner
200760,2023-02-20,51.56,partner
200731,2023-05-12,21.36,callcenter
200222,2023-11-21,27.25,web
200584,2023-05-29,25.04,web
200828,2023-01-08,44.73,store
200719,2023-05-06,87.84,callcenter
200178,2023-06-18,36.72,web
200770,2023-08-07,39.39,web
200050,2023-08-23,17.87,store
200555,2023-06-05,7.58,store
200460,2023-02-22,26.61,web
200033,2023-06-10,59.32,web
200653,2023-01-02,18.22,web
200267,2023-07-04,5.95,web
200767,2023-06-12,52.97,web
200790,2023-05-11,-49.0,store
200531,2023-08-30,22.08,web
200564,2023-10-03,19.87,web
200046,2023-04-07,28.39,web
200801,2023-07-03,23.49,web
200613,2023-07-06,103.18,store
200346,2023-07-05,27.72,store
200077,2023-05-28,46.42,store
200454,2023-03-18,31.25,web
200810,2023-03-04,47.63,web
200776,2023-01-12,22.7,store
200088,2023-01-20,22.02,web
200685,2023-10-23,36.53,web
200073,2023-01-26,19.54,store
200339,2023-11-09,26.62,web
200402,2023-11-24,57.5,web
200020,2023-03-30,80.45,web
200123,2023-06-11,126.12,web
200792,2023-05-12,54.34,partner
200566,2023-05-24,44.75,store
200707,2023-05-11,16.16,web
200514,2023-05-05,74.15,web
200404,2023-09-07,100.13,web
200016,2023-05-31,25.6,store
200491,2023-03-10,119.19,store
200693,2023-05-19,79.51,web
200183,2023-12-24,54.82,callcenter
200441,2023-12-27,31.93,partner
200370,2023-01-23,11.79,store
200783,2023-07-30,103.45,partner
200146,2023-12-22,10.59,web
200094,2023-03-12,106.69,web
200189,2023-01-26,114.78,web
200140,2023-03-19,16.43,web
200761,2023-04-26,10.48,web
200234,2023-12-08,24.95,partner
200326,2023-04-02,33.71,partner
200231,2023-05-02,23.22,web
200733,2023-04-05,24.63,store
200597,2023-05-23,34.71,web
200426,2023-12-30,100.83,web
200719,2023-01-31,31.36,web
200063,2023-06-17,58.03,store
200610,2023-08-13,12.26,store
200325,2023-02-13,38.46,store
200341,2023-01-17,26.63,callcenter
200142,2023-12-25,56.68,web
200087,2023-04-09,11.32,web
200624,2023-03-30,85.66,web
200765,2023-05-08,25.73,callcenter
200820,2023-01-27,18.82,web
200219,2023-02-23,113.92,web
200686,2023-01-09,43.5,callcenter
200100,2023-07-15,34.07,web
200700,2023-06-19,11.2,web
200509,2023-04-11,16.24,web
200775,2023-12-02,11.69,web
200060,2023-04-22,36.55,store
200698,2023-01-07,78.77,partner
200420,2023-02-06,46.09,web
200511,2023-09-22,38.29,store
200485,2023-07-14,34.8,web
200642,2023-04-06,65.94,partner
200539,2023-04-01,30.02,web
200374,2023-03-21,-8.89,web
200391,2023-06-03,72.81,web
200063,2023-09-14,13.74,partner
200651,2023-08-21,7.66,web
200635,2023-09-30,44.55,web
200510,2023-01-16,4.73,web
200649,2023-07-24,35.29,callcenter
200242,2023-10-07,40.42,web
200201,2023-03-15,50.0,callcenter
200832,2023-08-01,46.34,web
200858,2023-01-03,10.52,web
200767,2023-11-29,66.04,web
200047,2023-09-27,34.4,web
200493,2023-08-16,26.26,web
200662,2023-08-07,11.28,web
200033,2023-09-02,75.87,web
200871,2023-06-04,70.78,web
200708,2023-12-19,23.16,store
200278,2023-03-19,50.19,web
200455,2023-10-23,59.44,web
200821,2023-10-06,28.69,partner
200768,2023-11-02,71.34,store
200743,2023-01-26,73.97,store
200885,2023-06-12,6.43,web
200669,2023-08-23,57.86,store
200841,2023-08-14,23.66,web
200858,2023-09-09,17.12,web
200017,2023-08-20,4.87,web
200588,2023-03-23,38.04,partner
200300,2023-10-30,28.06,web
200445,2023-06-26,22.69,web
200150,2023-12-21,60.58,web
200608,2023-07-09,220.2,web
200751,2023-07-16,50.56,web
200370,2023-08-04,27.97,web
200628,2023-11-14,72.92,partner
200292,2023-11-25,14.62,web
200674,2023-08-02,23.85,store
200074,2023-07-19,40.06,web
200792,2023-01-20,40.39,web
200340,2023-01-25,67.46,web
200454,2023-09-26,98.49,web
200722,2023-05-06,66.32,web
200026,2023-06-09,99.09,web
200850,2023-08-18,102.16,web
200553,2023-03-22,44.48,store
200877,2023-05-02,31.79,partner
200496,2023-01-16,56.3,web
200185,2023-10-08,7.23,web
200524,2023-07-05,67.26,web
200514,2023-03-11,61.37,store
200828,2023-08-06,14.13,web
200518,2023-02-22,92.47,web
200365,2023-10-12,75.7,store
200158,2023-03-26,53.97,store
200293,2023-04-09,31.43,web
200523,2023-11-16,94.82,store
200332,2023-09-29,7.94,web
200326,2023-09-06,-34.29,web
200013,2023-08-08,58.35,store
200848,2023-07-09,80.75,store
200753,2023-03-12,74.23,web
200229,2023-04-20,13.04,web
200123,2023-12-18,49.71,web
200751,2023-12-02,40.84,partner
200753,2023-09-23,6.6,web
200807,2023-11-21,11.98,partner
200492,2023-10-21,4.91,partner
200662,2023-05-26,6.57,web
200656,2023-09-19,13.06,partner
200193,2023-10-02,32.33,web
200471,2023-02-20,33.78,web
200234,2023-11-30,48.53,web
200678,2023-06-29,20.79,store
200874,2023-04-25,83.74,callcenter
200068,2023-06-23,71.05,web
200068,2023-04-30,47.03,web
200237,2023-05-02,109.18,web
200105,2023-07-19,43.92,web
200008,2023-12-31,9.19,store
200880,2023-05-30,57.12,store
200524,2023-03-20,38.94,partner
200699,2023-10-05,25.8,web
200509,2023-04-18,28.9,web
200671,2023-07-15,51.11,web
200617,2023-04-03,45.69,store
200144,2023-03-19,124.66,store
200135,2023-04-02,41.47,web
200440,2023-05-11,43.94,web
200333,2023-12-15,38.56,web
200756,2023-09-03,38.16,callcenter
200275,2023-09-11,13.87,store
200295,2023-01-20,23.05,partner
200476,2023-01-04,50.09,web
200173,2023-05-05,9.18,web
200772,2023-11-20,29.96,web
200009,2023-01-06,87.88,web
200762,2023-10-07,28.58,web
200560,2023-10-27,104.9,web
200799,2023-04-12,29.11,web
200264,2023-02-12,74.39,web
200810,2023-02-26,39.62,web
200777,2023-01-29,14.13,store
200411,2023-11-04,122.12,store
200255,2023-10-15,12.82,web
200177,2023-09-03,24.68,callcenter
200136,2023-02-02,-132.35,callcenter
200524,2023-12-13,43.76,store
200864,2023-09-07,19.21,store
200509,2023-10-30,38.39,web
200868,2023-05-19,56.16,web
200680,2023-03-14,28.48,web
200616,2023-10-27,94.16,web
200652,2023-01-19,20.52,web
200835,2023-03-08,4.94,callcenter
200772,2023-02-26,69.02,callcenter
200145,2023-01-31,33.36,web
200526,2023-07-21,74.26,store
200414,2023-03-25,27.41,callcenter
200791,2023-12-19,50.15,store
200183,2023-12-07,26.29,web
200737,2023-03-03,30.83,callcenter
200430,2023-10-30,9.85,store
200839,2023-01-15,13.67,web
200712,2023-04-15,46.37,web
200310,2023-08-29,69.02,store
200760,2023-03-17,49.72,web
200168,2023-01-29,16.33,partner
200003,2023-02-27,53.31,store
200456,2023-08-29,16.7,web
200350,2023-03-22,45.82,web
200113,2023-03-31,20.66,web
200894,2023-03-16,32.41,web
200035,2023-11-18,22.48,store
200530,2023-11-21,54.9,callcenter
200234,2023-10-21,25.54,store
200266,2023-01-08,56.18,web
200189,2023-04-02,3.09,partner
200350,2023-11-18,71.57,callcenter
200600,2023-07-22,16.2,partner
200290,2023-01-16,99.81,web
200649,2023-04-01,-27.09,web
200402,2023-10-29,87.1,store
200706,2023-11-17,6.37,web
200400,2023-06-05,78.59,web
200329,2023-02-25,18.72,partner
200456,2023-01-29,78.14,callcenter
200617,2023-03-24,36.5,web
200418,2023-10-19,29.39,partner
200815,2023-10-29,88.57,web
200464,2023-04-04,23.59,store
200266,2023-12-23,104.77,web
200025,2023-11-17,30.45,web
200353,2023-12-27,38.8,store
200048,2023-10-02,42.18,store
200032,2023-07-29,13.07,partner
200334,2023-12-25,48.12,web
200261,2023-09-09,18.68,web
200796,2023-10-31,15.43,web
200657,2023-05-28,15.22,store
200711,2023-03-29,27.03,store
200490,2023-07-29,91.03,web
200099,2023-05-30,20.75,web
200765,2023-05-09,47.16,web
200445,2023-09-12,85.9,web
200386,2023-08-11,30.57,web
200544,2023-04-26,41.62,callcenter
200147,2023-03-30,95.86,web
200433,2023-07-19,54.05,web
200545,2023-04-30,49.38,store
200627,2023-03-28,36.49,callcenter
200450,2023-03-23,102.74,store
200897,2023-08-30,27.2,web
200891,2023-06-01,24.28,web
200086,2023-05-05,28.37,web
200074,2023-02-12,57.34,web
200463,2023-01-21,44.97,store
200745,2023-09-11,16.88,partner
200461,2023-12-20,62.27,web
200195,2023-04-29,53.41,store
200506,2023-11-05,20.87,store
200848,2023-08-08,47.58,web
200150,2023-04-21,72.45,web
200400,2023-07-26,29.62,callcenter
200574,2023-02-17,6.58,web
200353,2023-05-04,33.98,web
200039,2023-09-26,28.19,web
200602,2023-11-07,4.67,store
200667,2023-03-22,24.7,partner
200589,2023-11-29,13.79,web
200596,2023-08-09,87.48,web
200591,2023-03-25,88.16,partner
200297,2023-10-12,50.76,store
200014,2023-11-18,32.36,callcenter
200890,2023-04-10,27.03,store
200184,2023-02-08,68.73,store
200745,2023-04-14,30.53,web
200486,2023-10-04,35.31,web
200485,2023-01-23,43.79,store
200018,2023-04-16,101.91,web
200891,2023-04-27,7.66,web
200475,2023-01-07,-21.45,web
200747,2023-08-07,10.79,web
200700,2023-10-22,49.72,store
200124,2023-02-26,7.92,web
200852,2023-11-20,18.56,partner
200531,2023-12-14,40.89,web
200166,2023-11-14,61.93,store
200522,2023-09-21,33.69,web
200554,2023-06-13,18.85,web
200587,2023-03-16,27.92,web
200289,2023-11-30,26.85,web
200846,2023-07-13,67.91,store
200213,2023-06-14,20.61,web
200442,2023-05-23,65.01,partner
200754,2023-03-21,33.14,web
200069,2023-05-20,76.44,web
200363,2023-10-19,38.7,store
200431,2023-07-24,22.73,web
200695,2023-05-25,75.51,web
200709,2023-02-09,134.94,web
200717,2023-06-01,40.7,web
200322,2023-03-20,68.46,web
200442,2023-05-26,39.39,callcenter
200024,2023-02-24,19.96,web
200740,2023-12-12,78.69,partner
200272,2023-03-05,12.46,callcenter
200420,2023-02-15,10.83,web
200613,2023-08-28,79.35,store
200698,2023-05-06,28.84,callcenter
200077,2023-12-30,14.0,web
200690,2023-05-28,105.13,web
200338,2023-08-26,59.56,store
200375,2023-11-01,33.72,store
200119,2023-12-26,46.46,partner
200645,2023-10-23,42.52,web
200428,2023-07-30,58.88,web
200093,2023-10-25,32.71,store
200127,2023-04-14,62.5,web
200649,2023-11-14,40.4,store
200098,2023-11-15,5.1,web
200469,2023-05-21,23.83,web
200628,2023-01-25,54.72,partner
200820,2023-09-07,10.56,store
200142,2023-02-07,40.43,store
200266,2023-01-07,28.9,callcenter
200139,2023-12-12,106.52,web
200791,2023-07-27,64.0,store
200533,2023-08-26,11.12,web
200884,2023-11-18,56.67,store
200039,2023-12-06,28.44,partner
200635,2023-12-16,37.84,callcenter
200029,2023-02-18,28.7,web
200098,2023-04-29,108.73,partner
200388,2023-10-08,102.91,web
200330,2023-01-11,20.51,store
200328,2023-03-27,76.42,partner
200061,2023-07-07,23.3,store
200490,2023-05-06,-19.48,store
200306,2023-03-05,40.46,partner
200894,2023-11-25,36.28,web
200710,2023-06-13,16.72,store
200391,2023-05-31,8.26,store
200688,2023-08-28,37.78,web
200518,2023-09-02,16.72,callcenter
200445,2023-06-29,30.29,web
200827,2023-11-20,81.62,web
200528,2023-04-19,-31.99,partner
200434,2023-11-14,7.81,web
200509,2023-11-13,75.33,store
200703,2023-01-04,51.42,callcenter
200667,2023-10-03,67.06,partner
200493,2023-02-27,-35.75,store
200159,2023-06-27,35.58,callcenter
200573,2023-12-02,140.54,web
200387,2023-03-13,51.71,web
200839,2023-07-25,74.48,store
200817,2023-10-11,218.17,store
200000,2023-06-25,137.73,partner
200899,2023-01-29,13.14,web
200810,2023-01-24,16.11,web
200816,2023-07-09,10.79,web
200447,2023-01-10,35.19,web
200243,2023-01-06,158.67,store
200546,2023-12-14,0.89,web
200794,2023-07-14,23.15,web
200405,2023-06-22,35.69,web
200886,2023-02-06,14.77,web
200234,2023-10-15,29.39,web
200767,2023-07-06,31.0,partner
200059,2023-03-22,9.78,callcenter
200755,2023-10-02,65.62,store
200850,2023-03-28,29.68,web
200632,2023-07-03,13.67,web
200561,2023-07-24,36.13,web
200370,2023-04-12,64.01,store
200786,2023-11-16,33.66,web
200113,2023-09-14,14.94,web
200261,2023-04-16,41.46,partner
200118,2023-02-27,131.35,store
200250,2023-05-01,22.32,web
200470,2023-06-19,17.1,store
200302,2023-07-20,25.33,web
200378,2023-05-27,18.24,web
200207,2023-01-15,-18.93,partner
200317,2023-09-04,12.25,web
200448,2023-05-19,74.27,web
200192,2023-05-03,59.98,store
200842,2023-07-23,27.99,web
200807,2023-11-01,21.59,store
200788,2023-01-02,48.33,partner
200001,2023-12-17,40.88,web
200445,2023-08-21,39.77,web
200715,2023-07-19,90.42,web
200313,2023-01-19,52.57,web
200208,2023-09-17,276.2,store
200550,2023-09-20,23.38,web
200002,2023-07-24,135.04,web
200551,2023-10-20,50.7,store
200406,2023-11-03,14.35,store
200615,2023-11-03,19.8,callcenter
200614,2023-04-30,57.5,web
200482,2023-09-03,11.23,store
200525,2023-01-21,33.59,web
200024,2023-07-24,168.71,partner
200883,2023-02-23,1.56,partner
200068,2023-04-23,33.41,store
200878,2023-09-04,19.81,store
200876,2023-06-04,138.55,store
200646,2023-11-12,31.47,store
200671,2023-02-01,17.11,web
200026,2023-12-21,11.4,store
200853,2023-09-16,12.96,callcenter
200475,2023-06-07,124.82,store
200305,2023-01-10,2.99,web
200602,2023-01-16,52.08,web
200481,2023-05-31,96.46,store
200325,2023-07-28,33.07,web
200289,2023-07-04,13.19,web
200106,2023-04-19,51.93,web
200818,2023-08-26,16.14,web
200599,2023-08-13,21.2,web
200258,2023-05-06,18.06,web
200650,2023-04-29,18.82,callcenter
200624,2023-06-11,71.07,web
200125,2023-09-29,30.05,web
200157,2023-08-03,54.41,web
200207,2023-02-16,54.32,store
200094,2023-12-03,35.27,callcenter
200740,2023-03-15,100.39,store
200140,2023-09-03,14.91,partner
200730,2023-01-07,32.18,web
200476,2023-04-03,5.26,web
200105,2023-07-26,37.17,partner
200760,2023-11-06,67.95,web
200156,2023-07-25,9.71,web
200899,2023-01-21,21.93,web
200012,2023-12-15,18.36,callcenter
200560,2023-04-10,1.4,web
200282,2023-05-14,13.04,partner
200480,2023-02-09,57.43,store
200755,2023-09-12,34.05,web
200708,2023-06-13,45.11,web
200253,2023-03-22,68.14,web
200057,2023-08-21,117.49,web
200255,2023-03-13,12.95,web
200728,2023-07-13,52.74,web
200463,2023-08-31,21.19,store
200682,2023-10-24,14.15,web
200445,2023-09-11,27.65,callcenter
200476,2023-07-27,54.56,web
200058,2023-01-13,36.62,callcenter
200020,2023-03-26,24.79,store
200633,2023-07-30,58.81,partner
200181,2023-07-15,55.56,store
200324,2023-07-14,23.5,web
200332,2023-09-26,52.39,store
200569,2023-11-27,35.82,partner
200847,2023-07-03,18.47,store
200681,2023-02-19,55.32,partner
200574,2023-06-11,56.64,web
200751,2023-04-03,11.94,callcenter
200459,2023-07-13,52.11,callcenter
200130,2023-08-04,74.57,partner
200439,2023-07-20,13.24,store
200880,2023-08-01,41.04,partner
200701,2023-04-24,13.52,store
200314,2023-03-06,14.83,web
200291,2023-11-08,7.11,callcenter
200826,2023-05-27,81.57,web
200085,2023-03-17,75.07,partner
200839,2023-12-30,78.16,web
200609,2023-01-12,25.56,web
200726,2023-05-07,68.01,web
200296,2023-09-28,14.04,store
200583,2023-05-30,11.76,web
200293,2023-11-04,25.97,store
200015,2023-05-11,71.83,web
200409,2023-08-23,42.03,store
200881,2023-06-06,23.38,web
200218,2023-06-21,22.35,web
200145,2023-07-01,81.67,web
200829,2023-12-22,60.15,web
200819,2023-10-05,84.69,store
200762,2023-05-16,80.65,web
200878,2023-06-02,5.67,store
200891,2023-05-29,73.97,store
200826,2023-09-26,60.97,web
200868,2023-08-04,15.47,partner
200670,2023-07-15,25.85,store
200283,2023-06-07,30.66,web
200412,2023-05-26,-115.62,store
200342,2023-07-22,36.94,web
200458,2023-10-31,59.08,web
200628,2023-12-19,73.19,web
200217,2023-01-23,24.46,web
200014,2023-03-28,80.21,web
200542,2023-09-08,-33.81,web
200894,2023-02-24,170.34,web
200775,2023-08-11,15.23,store
200009,2023-06-04,31.23,web
200538,2023-03-11,75.63,web
200478,2023-07-03,19.12,web
200382,2023-07-05,63.77,web
200601,2023-09-18,27.1,store
200383,2023-10-29,13.08,store
200822,2023-12-15,10.75,web
200816,2023-06-10,40.84,store
200579,2023-09-09,49.98,web
200412,2023-10-15,14.5,web
200537,2023-12-27,53.27,store
200810,2023-08-26,9.87,store
200270,2023-03-31,24.79,store
200781,2023-05-05,33.15,partner
200531,2023-03-18,31.06,web
200057,2023-03-14,39.32,callcenter
200674,2023-04-22,32.12,callcenter
200181,2023-07-01,28.67,web
200464,2023-10-15,28.56,partner
200855,2023-04-17,20.71,web
200701,2023-03-10,54.08,callcenter
200629,2023-02-16,28.88,callcenter
200062,2023-03-13,18.72,web
200773,2023-06-07,51.6,web
200301,2023-05-31,46.08,store
200045,2023-05-26,13.9,web
200863,2023-04-26,90.73,store
200171,2023-06-15,25.01,web
200291,2023-08-24,25.94,web
200127,2023-01-17,34.05,web
200559,2023-11-21,44.99,store
200781,2023-04-22,35.32,store
200467,2023-02-20,17.27,store
200782,2023-03-05,6.22,partner
200842,2023-07-19,89.52,store
200785,2023-07-10,15.31,web
200146,2023-02-02,48.91,web
200185,2023-07-02,35.1,web
200269,2023-03-22,4.62,store
200574,2023-11-29,20.37,web
200776,2023-04-23,104.4,store
200281,2023-12-31,6.77,web
200599,2023-07-31,26.78,web
200168,2023-12-19,44.97,store
200488,2023-07-22,15.38,store
200701,2023-02-15,38.09,web
200355,2023-08-23,52.18,store
200146,2023-06-24,47.43,partner
200370,2023-10-26,38.01,web
200685,2023-05-23,30.38,partner
200841,2023-03-10,15.96,web
200554,2023-02-11,51.02,web
200603,2023-09-29,34.57,store
200377,2023-03-26,113.88,store
200836,2023-09-01,60.62,store
200782,2023-02-19,23.25,web
200874,2023-01-30,41.38,web
200777,2023-09-17,11.86,web
200492,2023-05-06,5.9,store
200864,2023-07-27,22.61,store
200548,2023-01-11,9.71,callcenter
200541,2023-03-10,56.2,web
200590,2023-02-02,106.99,store
200167,2023-04-13,74.09,store
200755,2023-04-14,25.82,store
200326,2023-05-17,57.97,callcenter
200593,2023-03-30,21.64,partner
200759,2023-06-16,80.8,web
200103,2023-11-25,52.2,partner
200270,2023-02-01,34.16,callcenter
200848,2023-11-23,32.43,web
200324,2023-05-31,52.12,store
200594,2023-07-30,32.68,store
200505,2023-09-03,71.29,web
200782,2023-09-26,25.38,partner
200459,2023-12-11,-29.92,partner
200382,2023-12-31,31.32,web
200014,2023-02-05,28.2,web
200427,2023-05-30,16.93,web
200526,2023-07-16,23.85,partner
200619,2023-07-10,33.7,web
200702,2023-12-28,31.78,store
200698,2023-08-26,97.4,store
200413,2023-05-27,45.14,web
200070,2023-12-03,83.54,web
200228,2023-09-24,8.49,partner
200366,2023-10-18,64.98,web
200881,2023-08-18,45.15,web
200692,2023-01-24,31.41,web
200805,2023-12-21,15.72,web
200893,2023-09-18,55.43,web
200119,2023-02-24,49.98,web
200010,2023-04-02,56.91,web
200516,2023-05-05,23.35,web
200238,2023-04-04,71.06,store
200781,2023-08-15,52.81,web
200418,2023-07-19,25.02,web
200008,2023-03-19,90.85,partner
200200,2023-09-12,40.46,store
200307,2023-04-15,6.71,partner
200024,2023-02-28,24.99,store
200285,2023-12-16,70.49,web
200485,2023-04-25,25.62,store
200803,2023-03-26,35.53,callcenter
200584,2023-09-19,71.94,web
200083,2023-10-06,25.87,web
200374,2023-02-25,59.7,web
200691,2023-01-21,12.26,callcenter
200332,2023-11-07,44.04,web
200506,2023-07-03,42.18,callcenter
200887,2023-06-16,46.85,store
200124,2023-06-03,50.99,store
200429,2023-08-02,36.67,web
200548,2023-09-03,33.5,web
200718,2023-01-30,35.41,web
200753,2023-04-07,88.54,store
200258,2023-12-15,-39.4,store
200420,2023-03-02,-134.15,web
200747,2023-11-28,50.84,web
200755,2023-05-27,39.41,store
200741,2023-03-11,13.29,web
200600,2023-08-06,62.53,partner
200240,2023-08-31,29.2,web
200331,2023-05-08,69.23,partner
200590,2023-10-17,19.92,web
200228,2023-01-24,35.27,web
200613,2023-02-14,28.28,web
200463,2023-08-15,59.27,web
200398,2023-07-30,93.34,web
200319,2023-09-13,34.7,web
200696,2023-11-07,26.53,web
200418,2023-12-06,13.95,web
200276,2023-07-04,24.23,web
200345,2023-07-02,94.14,partner
200435,2023-12-04,35.09,partner
200555,2023-12-17,49.12,web
200891,2023-01-18,10.13,web
200306,2023-07-04,9.74,web
200160,2023-12-02,8.61,callcenter
200880,2023-01-19,78.72,store
200133,2023-12-23,36.12,partner
200813,2023-10-01,19.3,store
200127,2023-02-26,63.82,store
200327,2023-08-22,28.03,web
200898,2023-06-07,69.05,web
200149,2023-05-03,34.64,partner
200143,2023-08-15,69.73,web
200548,2023-09-26,17.4,web
200171,2023-11-23,47.88,partner
200021,2023-06-02,56.43,store
200625,2023-02-28,9.12,web
200863,2023-11-12,36.15,web
200683,2023-05-02,13.62,web
200867,2023-10-05,10.04,web
200474,2023-10-19,29.67,web
200552,2023-01-22,49.33,store
200884,2023-05-30,19.94,web
200453,2023-01-31,30.78,partner
200035,2023-08-09,22.43,web
200214,2023-10-18,65.81,web
200558,2023-07-24,82.48,web
200771,2023-04-29,151.37,store
200545,2023-12-22,75.13,callcenter
200365,2023-02-01,52.48,web
200289,2023-02-21,65.76,store
200614,2023-05-14,22.64,web
200809,2023-12-13,29.19,web
200250,2023-11-23,42.73,web
200497,2023-07-25,8.78,web
200384,2023-12-14,21.18,partner
200221,2023-11-27,137.14,store
200364,2023-08-03,29.38,partner
200079,2023-02-13,7.35,partner
200477,2023-11-25,24.62,store
200096,2023-08-23,-40.61,web
200426,2023-02-21,50.43,web
200807,2023-11-03,34.71,web
200131,2023-05-26,46.81,web
200225,2023-10-15,20.93,web
200648,2023-04-06,84.07,web
200816,2023-01-04,72.05,store
200860,2023-06-15,6.16,web
200108,2023-06-15,15.32,web
200215,2023-11-12,64.08,web
200885,2023-02-12,44.67,web
200455,2023-11-30,42.97,web
200750,2023-02-25,38.91,web
200012,2023-12-08,75.34,partner
200104,2023-09-15,43.63,store
200183,2023-05-12,50.88,callcenter
200077,2023-12-16,39.74,web
200801,2023-05-12,16.65,partner
200723,2023-08-20,67.08,store
200351,2023-01-06,27.5,callcenter
200070,2023-02-07,27.28,web
200095,2023-05-09,31.77,partner
200235,2023-03-31,12.22,web
200654,2023-03-25,123.69,web
200721,2023-05-19,63.83,web
200485,2023-08-11,15.64,web
200816,2023-02-15,98.82,partner
200835,2023-10-02,23.8,callcenter
200690,2023-11-06,27.15,store
200070,2023-11-02,23.56,web
200800,2023-03-12,86.98,web
200817,2023-11-18,77.43,web
200503,2023-02-17,32.51,store
200539,2023-02-09,34.59,web
200701,2023-09-22,62.03,store
200533,2023-10-05,-60.81,web
200309,2023-02-16,36.17,web
200627,2023-06-01,36.98,web
200706,2023-05-30,64.59,web
200127,2023-09-21,8.01,partner
200611,2023-07-08,48.49,store
200155,2023-08-08,46.31,store
200517,2023-01-30,87.4,web
200097,2023-12-23,51.62,store
200893,2023-07-22,55.61,web
200601,2023-09-02,21.51,web
200422,2023-06-25,22.77,store
200453,2023-03-31,47.7,web
200557,2023-09-01,4.7,store
200112,2023-04-16,28.71,partner
200458,2023-03-21,13.07,web
200644,2023-07-21,23.73,web
200234,2023-05-11,6.04,web
200431,2023-11-23,14.48,store
200297,2023-08-29,81.1,web
200144,2023-05-17,13.54,partner
200880,2023-01-13,18.15,store
200533,2023-05-05,25.32,web
200352,2023-02-12,55.91,web
200304,2023-03-22,31.82,web
200611,2023-04-14,8.37,web
200097,2023-08-27,5.23,callcenter
200510,2023-02-08,28.6,store
200207,2023-03-01,31.33,store
200800,2023-01-15,67.44,web
200705,2023-12-01,14.91,web
200681,2023-12-27,94.31,web
200131,2023-04-19,8.47,callcenter
200072,2023-06-16,8.57,store
200412,2023-04-20,27.92,web
200319,2023-07-14,65.93,callcenter
200651,2023-07-21,42.84,web
200640,2023-04-04,14.4,store
200357,2023-08-24,127.48,partner
200145,2023-01-03,41.43,store
200291,2023-08-24,44.38,callcenter
200453,2023-10-02,61.56,partner
200228,2023-01-20,45.51,web
200285,2023-09-22,24.34,store
200216,2023-09-27,103.47,store
200058,2023-12-21,88.23,web
200541,2023-10-22,115.36,partner
200897,2023-01-08,26.58,partner
200856,2023-01-30,100.78,web
200836,2023-02-20,13.72,web
200593,2023-08-01,36.7,web
200672,2023-09-17,60.23,web
200057,2023-08-29,10.87,store
200180,2023-05-01,109.97,store
200635,2023-03-15,24.45,web
200889,2023-01-24,90.86,web
200817,2023-05-17,12.0,web
200567,2023-04-20,36.06,partner
200098,2023-04-21,20.63,partner
200869,2023-02-02,20.76,web
200286,2023-04-17,13.4,web
200038,2023-11-02,12.48,callcenter
200691,2023-03-29,14.95,web
200156,2023-11-17,14.51,partner
200271,2023-02-01,77.93,web
200609,2023-08-21,-85.81,web
200868,2023-02-09,10.35,store
200816,2023-05-21,29.91,web
200147,2023-12-15,76.79,store
200158,2023-10-08,55.34,callcenter
200728,2023-07-07,28.16,web
200285,2023-08-19,21.32,web
200070,2023-08-30,10.54,store
200529,2023-10-17,106.04,store
200591,2023-08-05,44.93,web
200899,2023-07-06,39.32,web
200437,2023-01-28,16.98,web
200719,2023-12-16,33.83,web
200480,2023-07-26,77.61,store
200831,2023-04-16,9.43,partner
200438,2023-02-19,16.71,partner
200607,2023-08-09,11.49,store
200866,2023-10-13,91.54,store
200789,2023-10-22,9.04,web
200360,2023-11-20,43.32,web
200456,2023-11-23,11.62,web
200533,2023-08-16,40.04,web
200111,2023-12-12,11.25,partner
200210,2023-01-28,22.87,store
200638,2023-05-25,101.45,web
200064,2023-06-26,49.65,web
200541,2023-09-13,38.46,web
200436,2023-04-20,47.2,web
200436,2023-04-16,107.1,store
200761,2023-11-26,40.4,partner
200247,2023-08-26,74.12,web
200711,2023-08-20,75.7,store
200705,2023-03-09,68.97,store
200893,2023-07-02,156.88,web
200738,2023-06-03,56.47,web
200456,2023-08-15,70.87,web
200327,2023-12-02,23.23,store
200702,2023-04-12,36.26,partner
200834,2023-10-23,34.9,store
200252,2023-08-20,-16.64,store
200332,2023-07-01,18.28,web
200447,2023-12-13,34.48,web
200096,2023-02-23,41.92,web
200282,2023-09-05,104.49,partner
200149,2023-05-26,16.61,web
200695,2023-09-06,15.78,partner
200445,2023-02-20,9.71,web
200543,2023-09-26,62.52,web
200071,2023-01-26,120.73,store
200516,2023-05-08,32.92,store
200646,2023-11-27,43.42,store
200620,2023-08-19,33.48,web
200715,2023-06-29,58.25,web
200102,2023-05-01,13.71,store
200494,2023-02-02,49.77,web
200433,2023-02-10,-33.45,web
200804,2023-09-19,64.11,web
200621,2023-04-11,62.5,store
200858,2023-01-28,45.74,web
200022,2023-06-09,29.35,web
200402,2023-05-25,17.17,callcenter
200632,2023-12-16,61.54,web
200080,2023-03-26,37.16,web
200586,2023-04-08,36.55,web
200208,2023-03-02,25.76,web
200066,2023-03-10,93.52,store
200591,2023-07-14,96.39,web
200383,2023-03-23,27.45,web
200365,2023-09-20,19.35,web
200292,2023-10-26,29.48,web
200616,2023-06-27,20.71,web
200556,2023-03-29,48.97,web
200600,2023-10-27,36.22,web
200708,2023-12-19,59.49,partner
200544,2023-12-01,27.73,web
200067,2023-12-02,164.74,web
200142,2023-10-22,10.22,web
200892,2023-09-27,35.25,web
200257,2023-12-16,143.58,web
200384,2023-05-04,60.1,web
200340,2023-12-06,31.39,web
200891,2023-01-08,47.03,web
200741,2023-10-31,-12.42,web
200435,2023-05-02,36.96,web
200614,2023-04-17,12.18,web
200496,2023-09-04,6.74,web
200580,2023-03-05,89.39,partner
200858,2023-12-29,21.66,store
200604,2023-09-23,11.37,store
200101,2023-01-08,28.14,web
200452,2023-11-05,57.39,store
200737,2023-02-09,12.25,store
200035,2023-10-28,24.12,web
200321,2023-10-24,62.53,partner
200181,2023-08-23,38.34,store
200648,2023-08-08,91.06,web
200126,2023-10-30,63.24,web
200561,2023-11-07,52.89,web
200057,2023-09-16,61.68,web
200831,2023-03-04,9.88,partner
200287,2023-08-31,34.88,store
200366,2023-03-15,130.07,web
200708,2023-01-18,26.05,web
200341,2023-02-25,35.37,store
200103,2023-06-18,22.01,web
200814,2023-12-18,21.85,store
200100,2023-01-13,68.07,store
200447,2023-01-28,126.32,store
200111,2023-02-03,99.29,store
200628,2023-03-11,5.94,store
200242,2023-07-17,33.58,store
200839,2023-10-27,26.5,callcenter
200181,2023-01-18,13.46,store
200602,2023-10-21,70.11,web
200012,2023-11-30,28.11,partner
200101,2023-01-29,15.06,partner
200248,2023-06-14,47.3,web
200795,2023-10-25,12.16,partner
200896,2023-09-13,81.34,callcenter
200552,2023-03-09,85.71,web
200302,2023-02-23,60.81,web
200280,2023-06-12,51.3,web
200190,2023-11-06,33.33,store
200306,2023-12-13,45.03,callcenter
200446,2023-06-24,32.69,web
200616,2023-07-13,9.41,store
200206,2023-07-23,58.71,store
200032,2023-06-28,94.11,store
200503,2023-08-25,22.07,store
200218,2023-04-10,66.02,store
200360,2023-07-17,36.16,web
200640,2023-08-12,23.56,web
200807,2023-07-25,4.48,web
200480,2023-12-22,60.1,web
200835,2023-09-29,51.65,store
200242,2023-09-25,14.76,partner
200641,2023-10-22,29.36,web
200881,2023-07-12,35.95,store
200194,2023-04-22,46.75,web
200664,2023-07-15,75.68,web
200426,2023-12-03,31.75,web
200792,2023-11-17,7.96,web
200274,2023-05-10,37.3,partner
200864,2023-06-26,26.06,web
200718,2023-04-10,18.9,web
200634,2023-01-05,67.72,web
200026,2023-04-24,17.18,partner
200074,2023-02-06,11.07,web
200596,2023-05-11,24.47,callcenter
200431,2023-01-20,35.35,store
200290,2023-04-26,39.09,web
200757,2023-09-18,82.19,web
200432,2023-11-04,20.82,store
200413,2023-11-20,60.52,partner
200290,2023-07-24,24.51,web
200883,2023-07-19,5.36,web
200328,2023-12-20,76.83,web
200233,2023-07-22,9.32,partner
200606,2023-01-31,43.26,store
200030,2023-12-08,-10.49,web
200535,2023-08-13,49.73,web
200508,2023-09-01,13.04,web
200219,2023-02-05,7.54,callcenter
200692,2023-06-21,29.84,web
200039,2023-06-17,3.48,web
200883,2023-10-25,32.03,store
200770,2023-05-20,60.31,web
200157,2023-05-06,129.18,store
200443,2023-09-06,40.65,web
200177,2023-01-06,33.84,store
200556,2023-09-30,78.91,store
200317,2023-01-03,11.99,web
200439,2023-03-28,17.4,partner
200861,2023-07-01,59.25,partner
200557,2023-03-12,23.94,web
200780,2023-01-13,27.9,store
200564,2023-06-03,37.08,store
200427,2023-09-16,13.48,web
200013,2023-03-30,7.77,web
200080,2023-04-11,16.46,web
200479,2023-09-04,26.0,web
200453,2023-12-12,49.76,store
200451,2023-07-08,34.97,partner
200760,2023-07-24,57.78,web
200086,2023-10-29,34.54,store
200592,2023-01-25,-64.07,web
200671,2023-12-25,28.14,web
200581,2023-06-23,4.01,web
200212,2023-05-19,20.45,web
200365,2023-08-14,37.86,partner
200049,2023-11-29,53.85,web
200159,2023-12-09,22.29,callcenter
200722,2023-10-11,41.02,web
200555,2023-06-26,24.92,web
200778,2023-02-24,17.62,web
200622,2023-03-11,53.87,store
200216,2023-11-02,46.53,web
200731,2023-02-15,157.79,web
200618,2023-06-25,22.33,web
200172,2023-05-29,84.37,store
200004,2023-09-16,9.33,web
200687,2023-05-06,84.42,callcenter
200649,2023-09-14,35.15,web
200080,2023-07-05,26.02,web
200418,2023-11-20,46.69,partner
200822,2023-03-10,49.29,web
200713,2023-10-05,77.35,web
200735,2023-09-21,15.43,store
200353,2023-10-28,9.22,web
200109,2023-06-28,46.91,web
200315,2023-04-28,44.8,web
200618,2023-07-08,76.43,store
200756,2023-12-22,23.83,store
200579,2023-03-13,20.05,store
200034,2023-08-30,45.91,callcenter
200531,2023-03-23,36.68,store
200168,2023-10-10,53.01,web
200548,2023-06-04,18.99,store
200370,2023-11-10,83.88,partner
200479,2023-03-01,43.75,web
200536,2023-02-15,75.13,store
200574,2023-12-14,31.0,web
200004,2023-05-03,18.14,web
200869,2023-01-31,-47.99,store
200517,2023-11-02,57.91,web
200456,2023-06-01,7.89,web
200340,2023-12-03,121.5,web
200094,2023-06-09,19.88,store
200567,2023-10-03,39.63,store
200326,2023-07-31,55.68,partner
200816,2023-06-26,36.42,store
200592,2023-06-27,38.17,callcenter
200396,2023-04-02,38.91,web
200028,2023-09-26,5.06,web
200499,2023-07-11,40.79,store
200760,2023-01-01,23.49,store
200416,2023-05-26,74.03,partner
200585,2023-05-29,64.98,store
200106,2023-11-20,9.78,web
200366,2023-06-05,9.29,store
200713,2023-07-27,124.94,web
200381,2023-01-31,2.26,web
200796,2023-05-24,20.68,store
200368,2023-04-14,12.46,store
200730,2023-07-01,82.2,web
200579,2023-11-24,32.07,store
200852,2023-12-07,19.8,callcenter
200479,2023-04-15,37.11,web
200421,2023-08-12,117.82,web
200318,2023-12-15,51.46,web
200587,2023-03-25,50.67,web
200882,2023-06-09,7.54,web
200151,2023-07-02,76.79,web
200842,2023-01-02,15.21,web
200879,2023-06-19,48.29,web
200692,2023-02-14,18.15,web
200522,2023-04-24,36.83,callcenter
200776,2023-02-12,35.33,web
200235,2023-09-26,182.77,web
200570,2023-11-01,25.18,web
200724,2023-04-08,44.45,callcenter
200724,2023-01-15,31.74,web
200527,2023-06-29,11.79,partner
200346,2023-02-11,48.24,web
200854,2023-06-10,67.66,web
200606,2023-07-18,13.49,web
200692,2023-06-20,28.9,store
200560,2023-07-10,37.63,partner
200789,2023-07-26,62.59,web
200429,2023-03-01,64.4,callcenter
200491,2023-09-07,7.0,web
200723,2023-09-01,124.08,web
200465,2023-02-22,51.67,partner
200220,2023-06-08,36.01,web
200681,2023-04-16,62.23,store
200337,2023-05-26,91.15,store
200094,2023-10-10,31.36,web
200335,2023-08-06,28.48,web
200048,2023-11-28,11.99,callcenter
200790,2023-07-27,28.79,partner
200885,2023-01-17,54.32,callcenter
200239,2023-09-17,28.82,store
200824,2023-01-27,27.91,store
200640,2023-05-05,107.07,web
200860,2023-12-07,43.96,store
200146,2023-12-28,44.03,web
200056,2023-02-23,54.92,web
200828,2023-12-26,70.38,store
200242,2023-12-24,38.35,web
200536,2023-11-17,17.2,web
200811,2023-10-30,51.22,store
200308,2023-01-28,76.94,partner
200080,2023-02-14,50.63,web
200712,2023-08-13,61.86,web
200406,2023-02-07,27.92,store
200020,2023-04-02,19.84,web
200307,2023-12-23,41.84,web
200477,2023-11-29,23.97,partner
200791,2023-04-04,92.96,web
200203,2023-07-16,52.42,web
200466,2023-07-16,25.41,web
200163,2023-04-06,14.28,callcenter
200261,2023-03-28,75.21,store
200237,2023-06-09,16.41,store
200471,2023-08-08,-36.81,store
200597,2023-10-21,44.36,web
200101,2023-11-03,16.6,web
200068,2023-01-08,32.68,web
200658,2023-08-28,83.58,web
200264,2023-08-13,9.9,web
200556,2023-01-18,74.88,partner
200069,2023-11-01,42.14,web
200540,2023-08-06,21.8,web
200818,2023-09-20,9.25,web
200394,2023-08-30,-33.43,web
200520,2023-05-03,22.81,web
200264,2023-03-15,33.1,callcenter
200257,2023-05-18,55.67,web
200058,2023-10-06,8.55,store
200431,2023-08-21,40.37,store
200852,2023-08-17,111.01,web
200104,2023-02-17,25.48,web
200374,2023-01-04,50.13,web
200753,2023-09-01,4.94,partner
200446,2023-12-13,8.49,store
200684,2023-05-11,20.45,web
200338,2023-06-12,86.39,web
200542,2023-12-16,23.39,store
200889,2023-03-26,51.29,web
200538,2023-07-10,23.17,web
200716,2023-02-01,-12.18,store
200624,2023-04-07,30.14,callcenter
200086,2023-05-17,54.64,partner
200144,2023-09-08,-75.35,store
200547,2023-04-23,33.49,callcenter
200313,2023-06-18,51.18,web
200436,2023-04-19,38.02,web
200435,2023-02-21,40.74,web
200714,2023-10-17,16.88,store
200891,2023-09-03,18.48,partner
200897,2023-08-24,13.36,callcenter
200071,2023-08-01,24.53,web
200669,2023-02-18,67.93,web
200652,2023-07-08,100.92,web
200778,2023-09-16,67.84,store
200384,2023-06-30,49.41,store
200452,2023-09-22,37.22,store
200406,2023-05-01,67.71,web
200336,2023-07-07,211.54,web
200222,2023-05-19,43.69,web
200578,2023-12-30,54.17,web
200015,2023-03-07,43.97,web
200674,2023-04-14,-119.75,partner
200757,2023-09-06,32.62,partner
200204,2023-01-22,18.31,store
200192,2023-07-07,59.26,web
200453,2023-01-11,18.37,web
200761,2023-07-12,46.01,web
200102,2023-04-28,37.42,web
200388,2023-03-11,50.47,web
200194,2023-07-01,38.7,web
200766,2023-05-01,6.58,partner
200793,2023-01-29,55.53,callcenter
200075,2023-07-14,47.13,callcenter
200130,2023-07-26,79.36,web
200141,2023-08-30,20.0,web
200730,2023-11-25,5.6,web
200810,2023-09-14,58.86,store
200335,2023-10-18,57.1,web
200141,2023-08-25,54.65,web
200597,2023-09-03,133.22,web
200801,2023-10-17,1.56,web
200819,2023-08-30,5.5,web
200400,2023-07-03,11.73,web
200702,2023-09-24,63.52,web
200860,2023-12-19,83.68,partner
200743,2023-06-30,38.8,web
200427,2023-03-24,55.93,web
200235,2023-05-27,18.9,partner
200334,2023-01-06,14.92,partner
200325,2023-04-22,7.83,web
200888,2023-11-20,55.77,partner
200659,2023-02-06,79.62,web
200772,2023-11-21,10.49,store
200699,2023-07-25,17.92,partner
200428,2023-04-27,24.1,web
200711,2023-06-22,12.21,web
200575,2023-11-17,46.69,store
200666,2023-02-13,27.26,store
200270,2023-07-26,-89.12,partner
200208,2023-04-08,19.16,web
200162,2023-07-17,67.96,web
200260,2023-10-15,8.47,store
200880,2023-12-03,-21.44,web
200847,2023-04-04,40.13,web
200131,2023-08-31,47.0,web
200498,2023-06-05,98.32,web
200846,2023-07-03,45.69,web
200679,2023-02-28,46.24,store
200550,2023-11-09,15.13,web
200539,2023-03-03,17.19,web
200293,2023-01-15,23.76,store
200832,2023-10-04,-35.27,web
200074,2023-05-29,32.57,store
200781,2023-01-25,47.29,partner
200784,2023-09-06,91.13,web
200235,2023-04-15,36.59,partner
200460,2023-12-23,61.95,partner
200796,2023-12-25,17.0,web
200426,2023-07-20,100.19,partner
200270,2023-06-23,35.61,web
200063,2023-06-12,99.11,partner
200396,2023-08-10,29.03,store
200249,2023-11-28,25.36,callcenter
200766,2023-08-22,20.99,web
200775,2023-02-06,13.06,store
200291,2023-03-13,71.78,web
200189,2023-08-18,17.91,callcenter
200261,2023-05-15,46.17,web
200361,2023-06-24,11.71,web
200601,2023-05-27,119.26,partner
200137,2023-08-06,72.97,web
200899,2023-03-26,69.57,store
200630,2023-01-27,40.55,web
200117,2023-03-27,32.48,store
200283,2023-09-01,22.39,partner
200630,2023-08-10,97.94,partner
200453,2023-10-23,8.26,web
200474,2023-02-09,56.61,store
200037,2023-02-21,18.64,web
200369,2023-02-17,11.65,callcenter
200553,2023-07-25,26.84,store
200674,2023-07-29,27.2,web
200402,2023-02-28,48.04,web
200499,2023-06-14,78.29,web
200199,2023-01-19,31.6,callcenter
200718,2023-08-12,5.89,web
200628,2023-07-28,17.42,web
200669,2023-01-10,31.26,web
200601,2023-02-02,24.6,store
200886,2023-09-15,56.67,store
200791,2023-11-25,46.6,web
200729,2023-11-07,63.97,web
200301,2023-07-26,3.08,web
200060,2023-07-11,73.7,store
200000,2023-10-23,6.54,callcenter
200701,2023-11-03,53.53,partner
200809,2023-11-27,87.01,web
200584,2023-05-26,2.54,web
200649,2023-06-23,32.72,web
200080,2023-01-29,24.75,partner
200508,2023-03-05,10.4,store
200544,2023-05-18,2.56,web
200140,2023-10-23,74.76,web
200675,2023-06-12,11.06,web
200301,2023-08-03,183.74,web
200177,2023-11-12,12.01,callcenter
200626,2023-06-23,12.99,web
200391,2023-05-03,1.19,partner
200482,2023-09-24,11.03,partner
200488,2023-04-26,15.34,web
200560,2023-05-22,33.77,web
200371,2023-11-21,53.59,web
200733,2023-06-09,21.17,store
200788,2023-04-02,53.11,web
200435,2023-11-01,107.96,partner
200152,2023-08-23,27.89,store
200251,2023-10-08,22.25,store
200694,2023-04-30,13.0,store
200230,2023-10-13,34.48,web
200700,2023-12-14,96.98,store
200595,2023-03-01,33.13,store
200403,2023-03-11,54.61,web
200113,2023-07-25,34.71,web
200485,2023-09-22,32.38,web
200623,2023-01-01,163.06,web
200138,2023-07-20,45.75,web
200742,2023-02-16,67.99,web
200175,2023-12-24,50.84,callcenter
200371,2023-09-23,33.79,web
200478,2023-12-29,20.5,web
200665,2023-03-21,95.36,web
200202,2023-10-17,5.38,web
200302,2023-05-20,18.01,partner
200725,2023-02-07,18.32,web
200296,2023-06-25,71.38,web
200554,2023-06-21,98.42,web
200358,2023-07-02,8.92,web
200050,2023-11-08,29.87,store
200463,2023-04-12,69.8,web
200322,2023-08-22,19.34,store
200238,2023-03-14,54.09,store
200772,2023-11-17,28.6,store
200696,2023-06-17,136.46,web
200249,2023-10-19,20.89,web
200471,2023-04-09,60.99,web
200647,2023-04-25,23.97,web
200047,2023-12-25,39.21,web
200084,2023-03-13,10.04,store
200485,2023-07-24,54.47,partner
200837,2023-04-28,79.37,store
200834,2023-05-23,8.25,web
200404,2023-09-12,17.06,web
200633,2023-10-13,73.61,partner
200442,2023-06-25,25.63,web
200814,2023-08-21,31.55,web
200512,2023-01-17,11.92,callcenter
200802,2023-03-27,80.58,web
200327,2023-09-29,10.06,store
200837,2023-09-01,31.53,web
200652,2023-01-17,20.55,store
200690,2023-11-22,62.59,web
200013,2023-05-30,165.13,partner
200725,2023-04-21,6.06,web
200145,2023-06-18,19.31,web
200842,2023-05-25,25.16,store
200169,2023-07-03,9.61,store
200743,2023-03-01,34.43,web
200571,2023-02-20,66.79,web
200353,2023-12-28,42.36,web
200801,2023-09-30,-55.59,callcenter
200349,2023-05-12,-18.15,store
200057,2023-11-07,56.06,web
200068,2023-10-18,41.25,web
200767,2023-09-12,11.35,web
200346,2023-09-21,36.0,callcenter
200737,2023-12-14,20.62,web
200018,2023-11-01,219.03,web
200068,2023-04-04,70.03,web
200889,2023-09-23,39.35,store
200128,2023-02-28,90.23,store
200618,2023-07-03,57.06,store
200315,2023-01-25,11.54,partner
200450,2023-03-03,109.47,store
200103,2023-09-21,8.85,callcenter
200240,2023-05-16,100.16,web
200682,2023-03-01,42.08,web
200482,2023-12-24,34.34,web
200453,2023-12-09,17.72,store
200850,2023-03-25,43.84,web
200369,2023-08-07,54.49,web
200723,2023-04-18,51.15,store
200652,2023-10-21,41.63,web
200414,2023-09-09,30.62,store
200263,2023-06-08,-59.48,store
200318,2023-12-06,25.09,callcenter
200784,2023-09-26,33.12,store
200275,2023-02-25,48.43,web
200588,2023-06-11,35.66,web
200112,2023-10-30,8.99,web
200311,2023-07-16,41.98,web
200841,2023-02-06,42.16,store
200485,2023-10-10,39.37,store
200740,2023-06-25,31.02,store
200233,2023-03-28,26.9,store
200685,2023-10-25,36.35,store
200886,2023-11-19,18.02,store
200832,2023-08-03,94.6,web
200392,2023-09-19,49.27,web
200613,2023-03-29,45.34,web
200807,2023-09-30,78.2,partner
200732,2023-11-27,15.85,callcenter
200880,2023-03-28,23.39,callcenter
200028,2023-12-11,21.72,web
200482,2023-02-02,47.01,callcenter
200712,2023-06-12,15.29,partner
200656,2023-01-27,63.18,web
200138,2023-06-13,45.97,store
200515,2023-08-25,20.56,callcenter
200148,2023-11-14,10.18,web
200082,2023-02-24,44.99,callcenter
200100,2023-11-20,6.61,web
200857,2023-12-31,19.01,web
200244,2023-01-25,32.38,web
200410,2023-12-17,30.5,web
200230,2023-11-27,21.09,store
200804,2023-01-11,60.46,web
200800,2023-01-24,16.86,web
200590,2023-09-22,20.84,callcenter
200745,2023-06-03,38.79,web
200094,2023-04-06,38.87,web
200899,2023-05-28,11.97,partner
200375,2023-05-05,37.37,callcenter
200360,2023-12-22,22.98,partner
200176,2023-03-29,21.74,web
200789,2023-02-02,44.04,web
200152,2023-10-31,15.09,store
200772,2023-11-03,29.1,partner
200643,2023-11-23,33.82,store
200694,2023-12-21,44.55,web
200027,2023-01-15,19.78,store
200664,2023-10-08,51.63,store
200869,2023-04-09,62.05,partner
200354,2023-06-03,61.06,web
200404,2023-06-13,11.29,web
200100,2023-12-26,59.88,web
200440,2023-07-10,61.71,partner
200606,2023-03-23,107.88,partner
200269,2023-02-01,12.77,web
200667,2023-08-03,86.96,web
200077,2023-10-30,6.43,store
200606,2023-09-17,63.23,web
200529,2023-12-07,72.02,store
200206,2023-01-16,61.35,web
200310,2023-05-28,8.7,partner
200215,2023-08-12,83.17,web
200561,2023-11-09,155.45,partner
200573,2023-04-25,14.42,web
200500,2023-09-04,27.6,web
200174,2023-03-17,19.36,web
200195,2023-08-04,54.37,web
200729,2023-10-10,24.43,store
200415,2023-10-26,56.71,store
200392,2023-06-14,30.98,web
200277,2023-06-22,39.09,partner
200837,2023-11-18,35.05,web
200215,2023-07-19,-6.66,web
200691,2023-05-08,37.62,web
200692,2023-04-11,8.98,store
200219,2023-09-17,10.49,web
200010,2023-09-17,84.32,web
200224,2023-07-16,53.56,web
200241,2023-02-28,50.5,web
200670,2023-02-28,38.08,web
200477,2023-03-30,137.22,web
200387,2023-01-05,-37.35,store
200428,2023-06-25,32.59,web
200857,2023-06-01,31.71,web
200846,2023-05-21,75.03,store
200023,2023-12-08,36.0,web
200759,2023-03-29,44.14,web
200325,2023-10-23,79.04,store
200676,2023-03-12,51.37,web
200886,2023-08-12,66.16,store
200462,2023-11-11,19.23,store
200561,2023-11-02,12.91,partner
200386,2023-08-04,96.18,web
200067,2023-03-17,64.6,store
200032,2023-05-18,55.31,store
200324,2023-06-04,46.35,store
200739,2023-11-05,35.54,web
200307,2023-05-18,19.87,store
200387,2023-10-29,19.3,web
200478,2023-12-14,12.67,web
200288,2023-02-10,9.14,web
200440,2023-12-08,16.58,partner
200545,2023-07-27,26.41,store
200766,2023-08-08,95.68,store
200678,2023-04-22,8.75,store
200735,2023-05-02,39.13,web
200470,2023-07-17,102.04,web
200628,2023-03-14,74.62,store
200134,2023-09-20,36.15,store
200132,2023-09-01,20.43,store
200829,2023-01-04,4.84,web
200543,2023-03-18,40.03,store
200101,2023-07-07,58.79,store
200367,2023-09-28,20.85,web
200872,2023-04-17,78.25,store
200018,2023-11-20,32.94,web
200398,2023-07-14,45.02,web
200753,2023-07-16,36.19,store
200851,2023-02-10,77.53,web
200331,2023-08-18,79.24,store
200823,2023-10-26,52.78,store
200644,2023-03-19,28.65,web
200365,2023-07-18,35.13,store
200701,2023-01-03,141.3,web
200720,2023-03-19,106.08,web
200247,2023-01-26,37.64,web
200080,2023-10-08,13.43,store
200702,2023-12-30,68.92,web
200074,2023-01-14,24.59,web
200700,2023-09-14,92.59,partner
200320,2023-08-05,20.64,partner
200632,2023-09-14,24.84,partner
200548,2023-07-03,12.1,web
200034,2023-12-28,119.13,store
200008,2023-01-15,15.95,store
200566,2023-02-24,65.11,web
200463,2023-04-02,31.43,web
200039,2023-10-13,25.15,web
200878,2023-01-29,23.97,partner
200214,2023-02-15,91.29,store
200772,2023-09-25,195.05,web
200105,2023-06-02,84.55,web
200209,2023-09-15,6.36,partner
200475,2023-05-14,65.34,store
200475,2023-02-02,31.62,partner
200543,2023-08-06,33.17,web
200154,2023-02-09,42.39,callcenter
200237,2023-06-24,36.48,web
200236,2023-11-18,52.89,web
200396,2023-03-08,30.48,callcenter
200830,2023-03-15,70.11,web
200416,2023-12-13,-38.59,store
200898,2023-04-21,39.21,web
200226,2023-05-16,35.96,store
200218,2023-09-07,65.17,web
200090,2023-02-16,26.52,web
200190,2023-01-23,53.02,web
200280,2023-11-04,40.1,callcenter
200345,2023-12-12,92.27,partner
200642,2023-12-27,27.93,partner
200401,2023-01-09,71.14,partner
200617,2023-07-13,46.38,store
200080,2023-11-06,87.53,web
200852,2023-11-05,39.09,web
200132,2023-05-12,25.78,store
200030,2023-06-28,25.58,web
200382,2023-02-24,43.15,web
200586,2023-02-20,36.67,web
200211,2023-05-18,27.11,callcenter
200146,2023-03-26,43.86,web
200760,2023-12-22,-2.35,web
200742,2023-01-30,31.93,store
200676,2023-07-13,37.59,store
200198,2023-07-23,7.94,web
200482,2023-01-22,15.06,store
200620,2023-06-10,15.97,web
200389,2023-12-10,35.14,web
200161,2023-02-09,30.11,store
200747,2023-02-22,30.44,partner
200844,2023-03-02,8.07,store
200149,2023-01-20,75.61,web
200632,2023-11-20,89.59,web
200798,2023-01-17,-10.52,web
200487,2023-04-13,28.82,web
200044,2023-10-29,29.9,web
200621,2023-12-30,49.14,web
200831,2023-02-25,25.52,web
200235,2023-05-12,70.67,web
200124,2023-03-07,14.08,web
200227,2023-03-12,59.06,web
200730,2023-12-11,48.05,web
200501,2023-05-04,11.83,web
200016,2023-08-12,27.8,web
200528,2023-02-27,-13.15,web
200733,2023-04-15,124.45,web
200166,2023-05-12,32.19,web
200525,2023-08-03,24.91,partner
200205,2023-11-25,6.65,web
200017,2023-03-30,46.03,store
200360,2023-08-24,27.35,store
200696,2023-06-30,58.56,store
200602,2023-10-18,100.14,store
200091,2023-05-03,64.43,web
200167,2023-06-04,15.2,web
200485,2023-08-16,25.15,web
200288,2023-06-11,10.78,web
200298,2023-10-04,20.38,web
200392,2023-01-06,73.32,web
200683,2023-05-08,21.7,web
200518,2023-03-05,59.0,partner
200767,2023-02-22,23.92,web
200091,2023-01-20,63.53,web
200417,2023-05-10,14.88,store
200495,2023-03-21,12.4,partner
200682,2023-10-04,123.7,web
200463,2023-07-03,16.2,store
200824,2023-10-15,74.6,web
200754,2023-11-20,52.2,callcenter
200620,2023-10-14,19.71,store
200357,2023-06-03,19.93,web
200289,2023-12-22,28.64,store
200480,2023-05-21,75.7,web
200416,2023-10-29,24.72,web
200026,2023-03-05,58.73,web
200206,2023-12-20,47.67,store
200751,2023-04-21,48.77,callcenter
200412,2023-08-17,126.56,web
200854,2023-05-10,55.39,store
200221,2023-03-25,48.25,store
200871,2023-05-01,6.67,web
200726,2023-08-10,89.46,store
200322,2023-02-10,64.62,partner
200548,2023-03-14,46.91,store
200889,2023-12-02,28.46,web
200569,2023-02-01,7.08,store
200838,2023-09-21,54.46,partner
200099,2023-04-20,37.07,web
200147,2023-04-27,120.18,web
200001,2023-05-13,58.97,store
200292,2023-05-20,40.86,web
200710,2023-09-16,145.43,partner
200867,2023-10-21,36.93,web
200488,2023-05-13,113.3,web
200380,2023-03-04,5.42,store
200838,2023-01-02,164.64,web
200529,2023-09-22,75.39,web
200483,2023-12-01,17.8,web
200076,2023-01-13,135.15,partner
200193,2023-08-04,3.8,web
200627,2023-03-21,12.76,store
200628,2023-03-18,53.16,callcenter
200446,2023-10-30,89.89,store
200630,2023-04-03,47.38,web
200622,2023-04-21,7.65,web
200058,2023-02-15,19.48,web
200751,2023-11-26,24.3,web
200624,2023-11-27,51.4,web
200197,2023-11-30,33.75,web
200191,2023-03-26,85.0,store
200862,2023-03-10,7.05,store
200229,2023-12-10,59.23,store
200029,2023-08-12,12.87,web
200028,2023-04-07,101.3,web
200205,2023-01-18,59.75,partner
200564,2023-10-19,33.78,store
200410,2023-10-20,27.58,web
200658,2023-01-04,49.67,web
200208,2023-06-24,83.19,store
200207,2023-06-26,47.87,web
200363,2023-06-19,33.61,web
200713,2023-05-15,16.21,web
200452,2023-04-30,32.42,web
200685,2023-05-03,83.6,web
200084,2023-12-02,66.5,web
200368,2023-12-29,91.57,web
200393,2023-02-10,15.4,partner
200061,2023-09-21,7.54,partner
200282,2023-07-29,62.28,web
200252,2023-04-04,9.82,web
200410,2023-03-09,91.5,web
200148,2023-10-02,63.71,partner
200242,2023-05-14,46.8,web
200862,2023-02-17,13.44,callcenter
200128,2023-12-20,37.2,store
200735,2023-12-04,32.45,store
200488,2023-06-02,48.34,web
200070,2023-06-05,111.16,store
200360,2023-06-03,15.67,web
200462,2023-03-11,28.46,store
200249,2023-02-08,34.37,store
200240,2023-04-10,95.44,partner
200640,2023-05-22,40.31,store
200028,2023-02-26,59.42,callcenter
200835,2023-01-13,100.78,web
200290,2023-12-06,46.68,store
200343,2023-11-17,28.77,web
200114,2023-04-22,87.19,web
200792,2023-08-13,108.48,web
200200,2023-02-22,56.12,web
200723,2023-12-05,21.29,web
200293,2023-10-24,26.47,web
200028,2023-03-06,107.73,web
200368,2023-03-19,63.57,store
200470,2023-05-02,30.27,web
200421,2023-02-04,6.37,callcenter
200888,2023-05-07,64.55,web
200468,2023-09-01,56.36,web
200701,2023-09-23,63.69,partner
200333,2023-01-03,18.58,partner
200130,2023-05-09,28.88,web
200448,2023-10-31,79.52,web
200503,2023-11-14,2.25,partner
200376,2023-07-25,28.61,callcenter
200689,2023-09-26,8.97,callcenter
200867,2023-04-01,16.56,web
200072,2023-11-13,71.38,web
200060,2023-06-22,33.25,web
200246,2023-09-10,13.78,store
200527,2023-04-06,53.07,web
200038,2023-03-05,22.87,web
200174,2023-07-14,32.19,callcenter
200368,2023-07-10,42.89,web
200337,2023-07-28,91.94,web
200761,2023-10-22,42.89,store
200491,2023-10-09,27.02,callcenter
200785,2023-04-21,50.92,callcenter
200683,2023-06-20,53.44,web
200372,2023-02-01,24.96,store
200879,2023-10-15,33.23,callcenter
200759,2023-02-19,36.24,store
200444,2023-01-26,81.5,web
200765,2023-07-09,2.54,store
200231,2023-12-03,48.87,web
200187,2023-05-18,67.7,web
200712,2023-03-09,79.77,web
200710,2023-03-09,8.24,web
200199,2023-11-02,7.95,store
200678,2023-08-30,21.93,web
200457,2023-06-30,60.31,web
200502,2023-12-05,73.23,web
200762,2023-02-08,6.72,store
200144,2023-08-13,43.72,store
200363,2023-05-12,70.44,partner
200260,2023-03-27,25.98,partner
200501,2023-12-02,46.39,store
200142,2023-12-16,11.76,store
200107,2023-11-01,55.99,store
200626,2023-02-24,31.73,web
200050,2023-09-21,29.1,web
200375,2023-05-11,44.89,web
200887,2023-05-19,5.56,partner
200899,2023-03-12,22.6,store
200161,2023-08-03,70.48,web
200834,2023-11-09,6.63,callcenter
200301,2023-03-26,7.59,callcenter
200178,2023-07-16,24.76,web
200454,2023-08-25,35.96,callcenter
200439,2023-08-19,42.95,web
200337,2023-04-06,119.53,web
200384,2023-01-11,44.14,store
200087,2023-10-30,48.58,web
200237,2023-08-06,79.99,store
200177,2023-09-15,17.55,partner
200838,2023-07-14,49.92,web
200444,2023-05-21,59.8,web
200491,2023-04-02,53.93,web
200394,2023-08-29,43.02,web
200796,2023-10-31,40.7,store
200718,2023-04-29,13.82,store
200620,2023-01-09,27.16,partner
200280,2023-02-26,100.71,web
200277,2023-07-31,22.13,web
200846,2023-03-27,37.78,web
200837,2023-10-25,35.87,store
200254,2023-04-10,49.97,web
200302,2023-06-30,35.63,web
200298,2023-03-24,31.14,web
200705,2023-06-15,68.86,store
200854,2023-09-05,44.08,web
200798,2023-10-18,40.76,web
200756,2023-09-27,23.47,store
200313,2023-07-05,27.79,store
200285,2023-06-16,45.43,web
200800,2023-04-29,73.65,partner
200355,2023-12-27,91.3,store
200193,2023-09-25,48.24,store
200758,2023-11-22,134.03,store
200431,2023-09-27,29.76,store
200077,2023-02-01,29.6,partner
200806,2023-04-07,83.83,web
200265,2023-06-18,42.15,web
200278,2023-04-25,24.11,partner
200478,2023-11-28,36.88,web
200243,2023-06-29,15.62,web
200746,2023-03-22,32.65,web
200622,2023-08-07,13.98,store
200508,2023-05-19,15.59,store
200180,2023-02-16,45.07,store
200440,2023-12-12,3.73,web
200245,2023-12-12,14.14,partner
200865,2023-10-11,19.6,web
200713,2023-04-25,26.91,partner
200104,2023-10-31,56.3,web
200475,2023-04-16,26.14,web
200702,2023-11-18,98.27,web
200470,2023-11-19,21.9,store
200114,2023-03-04,4.16,partner
200125,2023-04-25,14.97,store
200659,2023-09-13,44.59,callcenter
200471,2023-03-27,15.54,web
200488,2023-10-21,21.39,web
200242,2023-09-05,83.36,web
200238,2023-03-24,101.07,store
200366,2023-10-11,10.0,web
200489,2023-01-16,30.89,web
200421,2023-05-21,43.8,store
200791,2023-03-07,71.06,web
200170,2023-01-01,25.9,store
200424,2023-09-28,43.54,web
200211,2023-02-25,79.92,web
200005,2023-09-11,37.76,web
200373,2023-01-28,1.82,callcenter
200050,2023-11-22,30.64,web
200334,2023-12-23,18.3,web
200569,2023-04-26,19.45,web
200338,2023-06-27,20.85,callcenter
200610,2023-08-15,3.6,web
200265,2023-08-04,96.45,partner
200361,2023-01-10,74.25,web
200787,2023-12-24,106.5,store
200218,2023-12-08,140.89,web
200450,2023-06-27,42.37,web
200644,2023-07-22,23.82,callcenter
200325,2023-03-04,51.64,web
200273,2023-10-01,53.29,store
200627,2023-07-07,23.74,callcenter
200066,2023-04-14,23.18,web
200238,2023-04-23,34.39,partner
200368,2023-01-30,21.74,web
200195,2023-10-15,53.69,web
200485,2023-01-23,12.08,web
200557,2023-07-25,62.48,store
200869,2023-10-25,-89.64,web
200541,2023-01-20,102.26,web
200532,2023-02-25,155.35,store
200653,2023-10-06,54.32,web
200187,2023-10-28,10.07,web
200423,2023-01-30,40.05,web
200748,2023-04-07,133.32,web
200158,2023-08-10,100.11,web
200262,2023-07-17,29.29,web
200197,2023-07-08,4.91,callcenter
200863,2023-04-06,52.29,store
200318,2023-07-16,9.42,callcenter
200292,2023-01-19,51.23,store
200733,2023-11-15,55.8,callcenter
200818,2023-07-17,96.81,web
200004,2023-05-17,5.58,web
200791,2023-05-14,71.57,web
200636,2023-05-16,34.64,web
200777,2023-06-08,114.46,partner
200078,2023-03-12,68.25,web
200035,2023-08-08,42.63,callcenter
200302,2023-03-09,17.76,web
200764,2023-04-25,37.44,store
200448,2023-11-14,84.0,store
200649,2023-07-25,37.64,web
200220,2023-11-26,36.67,store
200300,2023-08-29,38.19,store
200790,2023-10-13,-23.85,web
200441,2023-02-02,16.05,web
200701,2023-07-04,18.44,store
200575,2023-05-08,40.91,store
200158,2023-01-07,73.98,web
200849,2023-02-02,45.3,store
200851,2023-03-11,85.14,web
200702,2023-01-03,-101.32,web
200422,2023-06-09,139.13,web
200385,2023-01-19,130.94,web
200267,2023-10-28,10.78,web
200580,2023-08-05,58.8,store
200279,2023-12-18,27.35,callcenter
200167,2023-01-31,19.22,callcenter
200054,2023-01-30,32.56,web
200381,2023-11-14,108.88,store
200733,2023-05-24,84.29,callcenter
200712,2023-10-05,41.24,web
200764,2023-03-11,-65.84,web
200545,2023-01-04,53.12,web
200780,2023-07-01,32.62,web
200704,2023-07-29,21.63,partner
200726,2023-02-10,37.41,web
200458,2023-01-04,68.95,web
200076,2023-03-19,117.47,store
200342,2023-02-09,59.27,partner
200762,2023-12-30,25.26,web
200668,2023-12-27,16.94,store
200011,2023-01-06,51.73,web
200084,2023-06-16,5.81,web
200592,2023-05-21,192.94,web
200880,2023-01-10,-58.43,store
200658,2023-09-01,96.25,web
200853,2023-11-07,80.64,web
200059,2023-08-12,57.69,partner
200792,2023-12-01,55.04,callcenter
200115,2023-08-21,71.66,web
200795,2023-07-20,30.29,web
200876,2023-12-12,41.8,web
200459,2023-09-15,74.61,web
200479,2023-10-07,10.75,web
200448,2023-10-12,40.71,store
200497,2023-01-12,36.97,web
200738,2023-09-26,5.37,web
200253,2023-10-01,-61.96,store
200254,2023-06-30,48.12,web
200871,2023-07-25,40.65,web
200764,2023-10-31,-84.85,store
200486,2023-02-21,75.45,web
200180,2023-07-12,79.6,store
200859,2023-10-09,37.37,web
200791,2023-04-05,29.56,web
200295,2023-04-07,47.28,web
200486,2023-01-02,57.3,store
200377,2023-04-24,67.75,web
200758,2023-05-11,19.18,partner
200618,2023-12-14,54.56,partner
200443,2023-01-31,91.76,web
200871,2023-08-24,21.49,web
200547,2023-01-24,5.03,web
200435,2023-10-19,2.24,callcenter
200834,2023-06-21,29.29,web
200404,2023-06-05,16.06,web
200376,2023-12-11,60.07,web
200349,2023-10-01,52.99,web
200198,2023-02-08,6.65,web
200251,2023-04-08,88.86,web
200081,2023-04-10,23.17,store
200655,2023-08-11,18.14,web
200530,2023-10-30,50.99,store
200839,2023-08-21,27.49,web
200549,2023-05-27,47.63,web
200072,2023-09-30,35.98,partner
200558,2023-10-04,95.97,store
200157,2023-01-30,48.44,store
200033,2023-07-17,32.66,web
200596,2023-09-17,-39.59,store
200024,2023-08-09,82.37,store
200368,2023-03-31,19.38,callcenter
200805,2023-02-28,62.45,store
200230,2023-04-17,41.35,web
200625,2023-05-09,42.38,partner
200338,2023-12-03,16.15,web
200101,2023-08-15,29.45,web
200177,2023-11-02,24.75,store
200067,2023-01-10,41.18,web
200135,2023-10-14,11.25,web
200145,2023-03-10,4.47,web
200794,2023-07-26,27.33,web
200726,2023-05-22,83.53,partner
200318,2023-11-12,58.44,store
200650,2023-09-04,37.97,store
200183,2023-06-18,17.23,partner
200574,2023-07-05,1.95,web
200182,2023-09-16,23.03,store
200576,2023-09-20,33.95,web
200321,2023-07-29,14.17,store
200772,2023-09-23,55.29,store
200751,2023-10-16,54.28,callcenter
200300,2023-01-12,26.94,store
200037,2023-05-14,35.61,web
200290,2023-11-26,35.02,store
200253,2023-04-28,51.59,web
200382,2023-10-28,18.85,web
200516,2023-07-20,182.79,web
200890,2023-04-09,11.17,web
200056,2023-05-08,19.1,store
200499,2023-06-26,46.12,web
200154,2023-02-15,118.7,web
200492,2023-04-23,25.19,web
200573,2023-09-06,16.67,web
200728,2023-11-27,31.52,web
200503,2023-12-13,63.74,store
200160,2023-05-20,66.08,store
200822,2023-10-17,58.23,web
200364,2023-05-25,127.42,web
200431,2023-10-22,66.33,web
200577,2023-11-29,75.92,callcenter
200238,2023-06-12,81.24,web
200889,2023-08-08,14.9,web
200040,2023-11-13,34.58,web
200139,2023-02-20,19.41,web
200891,2023-04-01,21.03,web
200406,2023-08-17,29.08,store
200803,2023-03-07,50.67,web
200815,2023-10-17,114.83,store
200891,2023-04-08,61.85,web
200652,2023-05-04,54.08,web
200614,2023-10-23,29.62,web
200552,2023-07-12,122.8,web
200614,2023-10-16,10.36,web
200231,2023-08-17,67.56,web
200733,2023-07-07,5.01,store
200168,2023-07-06,43.59,partner
200431,2023-10-21,81.82,partner
200336,2023-12-31,39.94,web
200685,2023-01-09,97.47,web
200229,2023-07-04,17.18,web
200185,2023-10-13,1.78,web
200727,2023-08-23,11.22,web
200438,2023-06-26,30.25,web
200648,2023-10-17,50.86,store
200790,2023-06-20,22.68,web
200751,2023-02-19,43.78,web
200359,2023-04-10,58.69,store
200153,2023-01-17,18.27,partner
200864,2023-09-14,18.77,web
200278,2023-12-22,8.94,web
200692,2023-05-19,97.49,web
200691,2023-09-25,99.1,web
200398,2023-12-25,43.44,web
200147,2023-05-24,12.27,store
200424,2023-11-19,111.06,store
200131,2023-01-07,18.8,partner
200316,2023-09-05,9.44,web
200344,2023-03-02,18.34,partner
200466,2023-10-13,-16.29,web
200167,2023-01-04,12.88,web
200761,2023-10-31,22.4,web
200071,2023-05-25,40.84,web
200887,2023-03-28,66.98,partner
200281,2023-07-22,31.97,web
200440,2023-12-28,32.16,web
200788,2023-02-28,31.33,store
200588,2023-04-24,9.44,web
200050,2023-08-22,65.73,store
200543,2023-02-04,82.26,partner
200509,2023-12-15,107.46,web
200839,2023-07-11,28.13,web
200506,2023-12-28,103.09,web
200892,2023-06-01,71.81,partner
200477,2023-11-01,13.64,callcenter
200173,2023-05-01,18.85,partner
200454,2023-06-12,41.52,store
200825,2023-05-07,32.14,web
200015,2023-07-19,11.33,store
200359,2023-03-23,41.27,store
200042,2023-07-03,42.08,web
200757,2023-11-03,71.19,store
200460,2023-02-26,24.33,store
200644,2023-10-17,19.37,partner
200871,2023-11-08,8.78,store
200749,2023-01-13,47.33,store
200367,2023-09-04,43.19,partner
200841,2023-06-27,117.42,web
200425,2023-08-21,67.78,store
200880,2023-04-18,24.48,partner
200883,2023-03-22,39.18,store
200199,2023-04-15,11.07,callcenter
200701,2023-02-25,27.94,web
200628,2023-05-29,44.65,web
200693,2023-11-15,121.24,web
200150,2023-10-12,16.16,web
200454,2023-03-07,95.34,store
200136,2023-07-23,46.91,web
200808,2023-01-27,66.68,web
200785,2023-01-22,38.06,store
200523,2023-08-17,20.97,store
200116,2023-04-21,91.83,web
200591,2023-09-15,26.26,web
200395,2023-02-26,63.98,store
200708,2023-02-13,12.06,web
200089,2023-09-18,15.24,store
200365,2023-03-17,5.1,store
200325,2023-01-22,34.76,store
200857,2023-10-15,46.95,web
200268,2023-09-15,39.13,store
200889,2023-12-06,8.64,web
200829,2023-08-07,15.51,partner
200528,2023-06-23,65.9,web
200157,2023-09-02,23.97,web
200199,2023-10-17,40.63,store
200015,2023-08-18,22.48,web
200697,2023-04-27,60.5,web
200652,2023-11-21,22.7,web
200289,2023-09-14,32.47,partner
200658,2023-11-17,78.42,web
200519,2023-07-23,39.77,web
200734,2023-06-14,17.26,web
200078,2023-11-04,53.64,store
200178,2023-08-12,8.63,store
200726,2023-10-11,-16.6,web
200332,2023-11-21,9.47,web
200863,2023-04-14,61.64,store
200792,2023-03-12,50.81,web
200084,2023-02-24,56.95,callcenter
200363,2023-08-07,45.24,web
200658,2023-10-22,90.56,web
200122,2023-12-23,44.43,web
200774,2023-01-12,23.68,store
200088,2023-01-01,17.92,web
200098,2023-09-05,43.94,web
200489,2023-04-09,85.43,web
200222,2023-06-23,11.68,web
200575,2023-01-29,55.89,web
200352,2023-01-28,32.46,web
200243,2023-07-12,76.64,store
200753,2023-09-09,7.43,web
200143,2023-11-20,117.73,web
200444,2023-06-26,32.12,callcenter
200151,2023-08-24,5.92,store
200123,2023-11-10,11.43,callcenter
200184,2023-06-07,129.04,web
200230,2023-03-18,55.71,web
200370,2023-10-29,29.26,web
200420,2023-01-01,149.0,callcenter
200124,2023-04-11,43.03,partner
200035,2023-02-17,73.4,store
200085,2023-08-23,15.3,web
200567,2023-04-09,28.3,web
200876,2023-05-06,42.48,partner
200022,2023-08-27,25.5,store
200031,2023-04-19,89.81,store
200702,2023-05-13,54.51,store
200652,2023-07-02,11.36,web
200660,2023-02-13,30.81,store
200155,2023-12-08,18.34,web
200778,2023-12-25,55.49,partner
200561,2023-09-18,25.37,web
200141,2023-02-09,5.92,store
200104,2023-06-22,48.88,web
200542,2023-05-10,24.19,web
200701,2023-03-02,98.97,store
200702,2023-11-16,13.21,store
200528,2023-06-01,19.43,callcenter
200464,2023-08-27,29.64,store
200625,2023-09-10,50.95,web
200117,2023-04-27,78.28,web
200328,2023-05-08,28.3,web
200089,2023-12-21,43.49,web
200754,2023-10-28,8.05,web
200545,2023-07-02,19.65,web
200699,2023-07-14,25.96,callcenter
200447,2023-01-03,29.57,web
200836,2023-03-16,60.16,store
200836,2023-01-03,134.12,store
200554,2023-10-22,20.68,store
200750,2023-12-10,55.29,store
200593,2023-03-01,89.49,partner
200651,2023-04-13,86.39,store
200222,2023-05-09,16.14,web
200884,2023-10-24,82.92,web
200165,2023-05-29,11.89,partner
200625,2023-01-16,11.62,web
200546,2023-08-02,38.91,store
200083,2023-02-23,25.8,web
200697,2023-08-24,104.48,store
200069,2023-11-09,5.66,web
200458,2023-01-25,39.33,web
200734,2023-12-29,74.34,callcenter
200112,2023-08-31,5.08,web
200324,2023-01-19,27.22,web
200457,2023-03-22,72.91,web
200831,2023-03-03,36.37,web
200343,2023-11-19,36.35,web
200106,2023-09-21,-78.45,store
200118,2023-05-17,52.28,web
200178,2023-07-13,19.91,web
200779,2023-05-08,117.21,store
200695,2023-05-29,32.08,web
200376,2023-08-21,11.13,web
200762,2023-03-12,37.88,store
200826,2023-10-05,34.43,callcenter
200780,2023-12-12,50.9,web
200004,2023-12-22,57.54,web
200089,2023-03-04,8.58,callcenter
200652,2023-05-31,29.9,partner
200343,2023-04-07,-52.56,callcenter
200142,2023-08-20,-36.84,web
200581,2023-04-29,23.94,callcenter
200319,2023-05-25,64.74,partner
200826,2023-02-20,64.38,web
200519,2023-07-24,0.08,store
200215,2023-07-15,43.72,web
200841,2023-07-21,50.68,web
200540,2023-05-05,30.05,store
200266,2023-10-03,40.87,web
200129,2023-08-10,32.04,callcenter
200499,2023-03-06,49.4,callcenter
200672,2023-05-15,24.47,partner
200752,2023-08-30,25.28,web
200114,2023-02-12,32.14,store
200388,2023-05-09,50.32,partner
200899,2023-11-15,55.03,web
200594,2023-06-11,94.94,store
200083,2023-07-06,12.53,web
200825,2023-09-06,4.12,store
200616,2023-04-28,64.43,store
200414,2023-10-29,38.53,partner
200699,2023-01-06,5.27,web
200583,2023-06-22,31.7,store
200232,2023-08-07,77.95,web
200716,2023-03-29,24.46,store
200229,2023-10-13,43.41,partner
200206,2023-01-29,20.11,store
200536,2023-08-26,14.04,partner
200016,2023-08-20,69.8,store
200567,2023-10-15,22.15,store
200495,2023-03-17,29.05,partner
200648,2023-02-26,37.86,web
200143,2023-07-31,-19.78,store
200522,2023-12-21,171.6,store
200397,2023-10-14,63.52,partner
200157,2023-03-19,9.99,web
200406,2023-05-29,74.04,web
200831,2023-04-08,44.39,web
200741,2023-10-12,48.39,callcenter
200149,2023-07-07,32.59,web
200762,2023-06-09,28.56,store
200508,2023-01-02,74.1,web
200042,2023-08-20,13.74,store
200828,2023-06-11,85.88,web
200473,2023-01-15,40.19,store
200821,2023-03-13,9.18,store
200088,2023-09-23,6.89,store
200151,2023-10-01,20.37,web
200811,2023-06-30,23.36,partner
200214,2023-10-04,7.26,store
200494,2023-09-27,52.49,web
200541,2023-08-13,58.6,web
200853,2023-03-18,56.33,partner
200303,2023-06-03,68.96,callcenter
200678,2023-10-25,25.05,partner
200657,2023-04-24,46.93,partner
200630,2023-08-29,68.47,web
200470,2023-10-30,-52.98,web
200063,2023-07-14,43.69,partner
200239,2023-07-05,88.14,web
200504,2023-03-10,27.21,store
200369,2023-07-01,27.05,store
200166,2023-01-16,40.17,web
200621,2023-02-11,40.03,web
200415,2023-07-17,38.83,web
200706,2023-03-21,7.91,web
200493,2023-05-07,75.02,web
200332,2023-05-12,46.83,web
200097,2023-06-22,1.86,web
200094,2023-09-13,4.87,web
200456,2023-06-12,87.58,store
200317,2023-11-05,22.98,partner
200646,2023-06-25,37.94,web
200567,2023-12-29,14.67,store
200255,2023-12-31,179.43,store
200683,2023-06-06,33.61,store
200509,2023-10-07,23.93,callcenter
200791,2023-06-15,71.17,store
200857,2023-11-16,12.47,web
200865,2023-10-07,78.14,partner
200114,2023-05-04,30.98,store
200476,2023-04-28,61.33,web
200025,2023-11-18,44.37,store
200792,2023-07-17,29.33,web
200632,2023-09-11,7.84,store
200235,2023-09-05,39.83,store
200546,2023-03-02,17.8,store
200503,2023-03-28,38.95,web
200488,2023-11-25,66.57,web
200485,2023-04-13,52.94,partner
200885,2023-11-13,1.26,web
200691,2023-05-11,27.02,callcenter
200362,2023-11-06,20.91,web
200695,2023-07-30,23.23,store
200126,2023-02-06,41.9,web
200256,2023-04-09,24.3,store
200105,2023-12-14,17.55,callcenter
200797,2023-03-17,10.58,store
200021,2023-03-25,25.91,web
200802,2023-02-24,63.04,partner
200749,2023-08-11,65.33,web
200853,2023-10-23,45.0,store
200689,2023-12-08,3.72,web
200411,2023-11-20,41.73,web
200730,2023-11-19,94.82,store
200888,2023-11-27,11.56,web
200803,2023-07-27,25.0,web
200706,2023-10-27,63.48,web
200690,2023-08-20,4.42,web
200587,2023-02-20,25.47,partner
200802,2023-01-09,109.62,callcenter
200389,2023-02-05,101.35,store
200450,2023-05-07,101.87,partner
200758,2023-07-02,25.8,web
200236,2023-08-22,86.98,partner
200687,2023-07-10,42.94,web
200099,2023-05-14,16.93,web
200527,2023-09-25,21.56,web
200031,2023-11-11,49.89,web
200897,2023-03-23,3.89,store
200757,2023-04-06,31.85,web
200224,2023-12-06,39.43,web
200135,2023-12-21,56.9,store
200577,2023-04-24,5.7,store
200811,2023-07-05,32.18,web
200289,2023-07-30,69.34,web
200865,2023-08-20,129.56,store
200412,2023-11-12,16.94,store
200397,2023-02-08,86.6,web
200305,2023-07-11,66.6,web
200243,2023-03-21,96.54,web
200301,2023-10-03,4.24,web
200155,2023-08-06,59.52,store
200339,2023-10-01,85.19,partner
200260,2023-11-27,35.61,store
200051,2023-10-16,27.89,web
200326,2023-11-08,39.78,callcenter
200035,2023-10-24,80.48,web
200162,2023-08-17,17.78,callcenter
200652,2023-05-24,16.57,store
200022,2023-05-03,2.53,store
200279,2023-05-13,32.78,web
200615,2023-08-10,9.31,web
200019,2023-10-21,33.32,web
200663,2023-05-14,14.67,web
200073,2023-07-31,22.41,web
200049,2023-06-01,25.69,web
200176,2023-08-10,-41.15,web
200774,2023-10-26,43.75,partner
200043,2023-05-31,29.45,web
200088,2023-05-25,24.47,store
200851,2023-03-15,22.15,web
200549,2023-07-02,6.77,store
200511,2023-06-16,80.56,store
200036,2023-02-28,16.96,store
200354,2023-12-20,36.59,web
200518,2023-11-10,11.01,web
200479,2023-04-17,58.51,web
200469,2023-12-11,37.42,callcenter
200101,2023-04-10,46.35,web
200890,2023-06-02,10.59,store
200631,2023-02-17,48.09,web
200217,2023-08-12,4.41,web
200872,2023-06-25,20.03,web
200271,2023-04-08,12.08,web
200117,2023-04-16,36.97,web
200803,2023-12-08,84.47,web
200137,2023-09-08,54.14,web
200054,2023-02-25,97.0,web
200565,2023-02-19,38.24,store
200237,2023-01-26,59.39,web
200136,2023-04-01,73.11,web
200092,2023-09-27,72.52,web
200113,2023-01-23,10.05,store
200864,2023-04-01,16.61,web
200603,2023-01-16,67.22,partner
200758,2023-08-26,97.77,web
200556,2023-10-25,15.55,web
200489,2023-07-13,17.72,web
200195,2023-11-27,53.69,web
200870,2023-09-09,24.46,web
200740,2023-10-06,70.23,web
200475,2023-04-25,57.17,callcenter
200094,2023-11-12,77.21,store
200684,2023-08-19,27.65,partner
200299,2023-02-01,23.31,partner
200188,2023-01-31,18.01,web
200664,2023-11-24,96.12,store
200753,2023-04-11,10.57,web
200552,2023-06-20,9.29,store
200066,2023-10-05,39.13,store
200540,2023-10-08,22.95,store
200826,2023-01-10,73.54,web
200617,2023-08-13,8.5,web
200238,2023-11-30,30.12,callcenter
200581,2023-05-08,5.35,web
200224,2023-07-18,26.26,web
200786,2023-04-07,38.43,web
200761,2023-09-21,33.74,store
200511,2023-02-13,31.92,web
200121,2023-07-09,57.57,partner
200361,2023-05-31,14.74,store
200108,2023-08-23,47.09,store
200689,2023-06-30,30.96,web
200612,2023-12-25,26.63,web
200233,2023-12-25,51.02,store
200770,2023-04-14,-40.8,web
200683,2023-01-14,49.32,web
200842,2023-06-29,124.74,store
200251,2023-08-04,30.7,store
200157,2023-10-02,9.65,partner
200432,2023-07-11,15.15,store
200238,2023-08-03,95.55,web
200665,2023-01-09,25.77,partner
200382,2023-10-06,57.3,callcenter
200564,2023-05-01,33.65,web
200154,2023-05-21,12.72,web
200077,2023-06-04,40.43,web
200843,2023-01-27,18.97,store
200401,2023-06-30,21.19,web
200125,2023-05-20,33.82,web
200730,2023-03-27,6.54,web
200119,2023-03-31,56.34,store
200897,2023-01-13,23.39,web
200347,2023-11-21,62.05,web
200420,2023-04-18,60.38,store
200233,2023-11-16,29.75,store
200077,2023-11-02,38.45,web
200367,2023-06-16,-47.47,web
200329,2023-10-22,25.64,web
200403,2023-03-19,-4.92,web
200440,2023-03-07,40.18,web
200567,2023-11-25,72.84,web
200066,2023-08-24,18.36,web
200326,2023-09-09,64.54,store
200777,2023-12-04,-11.16,web
200856,2023-01-06,28.1,callcenter
200484,2023-03-04,31.72,web
200329,2023-12-18,34.4,web
200374,2023-02-16,15.92,store
200703,2023-06-13,11.31,partner
200357,2023-01-09,29.0,web
200850,2023-04-29,52.1,partner
200025,2023-03-04,-18.11,store
200545,2023-04-04,31.03,web
200466,2023-10-25,124.81,store
200406,2023-04-11,42.69,web
200428,2023-10-25,28.9,web
200142,2023-11-23,-33.37,web
200311,2023-07-17,108.89,web
200318,2023-07-16,53.39,web
200592,2023-05-02,19.02,web
200538,2023-09-01,56.89,web
200369,2023-10-22,13.68,web
200465,2023-11-12,37.48,store
200514,2023-03-13,81.7,store
200042,2023-09-08,37.78,store
200796,2023-02-21,12.71,callcenter
200803,2023-06-28,35.08,callcenter
200327,2023-02-02,81.27,web
200684,2023-07-20,17.82,web
200358,2023-11-07,56.27,store
200060,2023-10-26,84.36,web
200779,2023-09-18,46.71,web
200240,2023-07-30,36.19,partner
200322,2023-08-16,19.19,web
200518,2023-02-06,21.36,web
200395,2023-09-23,28.68,store
200239,2023-09-06,57.28,partner
200720,2023-02-22,145.14,partner
200320,2023-08-19,18.0,partner
200532,2023-05-21,52.01,web
200598,2023-07-05,71.13,store
200840,2023-10-25,35.74,web
200431,2023-04-28,34.59,callcenter
200423,2023-12-01,8.42,web
200821,2023-06-02,40.18,web
200431,2023-07-07,33.36,callcenter
200268,2023-01-11,26.34,store
200038,2023-02-14,45.22,web
200292,2023-04-13,14.79,web
200177,2023-12-24,-17.55,web
200274,2023-04-05,40.83,store
200485,2023-05-25,95.43,store
200472,2023-11-08,30.53,web
200168,2023-04-27,35.83,store
200417,2023-10-24,34.91,web
200408,2023-02-13,14.21,callcenter
200038,2023-02-18,27.58,store
200254,2023-01-05,39.4,partner
200650,2023-02-15,38.76,web
200018,2023-08-09,47.88,partner
200270,2023-02-03,13.63,partner
200427,2023-08-12,20.61,web
200149,2023-08-07,6.54,callcenter
200581,2023-03-27,-86.07,store
200644,2023-01-14,24.59,callcenter
200304,2023-03-01,42.39,store
200207,2023-02-22,34.26,partner
200698,2023-07-12,2.55,web
200193,2023-12-06,11.31,web
200131,2023-06-08,33.12,web
200029,2023-08-20,51.51,store
200082,2023-04-21,48.62,web
200784,2023-02-03,9.81,web
200841,2023-03-21,14.14,web
200491,2023-06-24,45.55,callcenter
200829,2023-11-10,48.31,store
200636,2023-04-01,9.22,web
200365,2023-12-26,45.37,web
200641,2023-08-22,32.94,callcenter
200377,2023-05-10,28.32,web
200865,2023-08-16,97.39,store
200765,2023-09-12,30.57,callcenter
200760,2023-09-08,22.12,callcenter
200477,2023-11-12,59.87,web
200466,2023-08-30,58.12,store
200105,2023-01-10,82.92,callcenter
200587,2023-05-18,55.44,web
200103,2023-11-28,53.9,store
200486,2023-03-17,35.04,store
200118,2023-07-02,136.71,web
200428,2023-07-02,14.85,web
200702,2023-07-23,49.31,web
200277,2023-11-14,13.4,web
200541,2023-07-17,34.99,web
200233,2023-01-01,34.21,web
200269,2023-03-30,34.92,store
200164,2023-08-19,5.94,callcenter
200145,2023-10-13,24.5,callcenter
200334,2023-08-25,153.41,partner
200111,2023-09-25,37.98,store
200802,2023-03-29,68.82,web
200667,2023-02-04,45.31,web
200199,2023-12-13,126.54,store
200797,2023-07-25,45.68,callcenter
200328,2023-09-27,38.14,web
200477,2023-12-16,10.66,store
200629,2023-03-08,11.14,callcenter
200695,2023-11-14,21.26,store
200006,2023-05-14,29.83,store
200254,2023-08-17,12.26,callcenter
200302,2023-05-22,37.85,store
200527,2023-03-14,36.8,web
200785,2023-11-17,105.72,callcenter
200394,2023-05-07,116.05,partner
200417,2023-01-10,59.94,web
200078,2023-02-24,61.14,callcenter
200473,2023-12-17,76.83,web
200438,2023-10-28,45.92,callcenter
200573,2023-08-31,79.71,partner
200762,2023-10-12,9.71,web
200510,2023-08-25,65.86,partner
200046,2023-11-29,12.92,web
200735,2023-02-06,14.67,callcenter
200429,2023-01-24,76.18,store
200437,2023-09-11,19.43,web
200785,2023-12-19,15.14,callcenter
200530,2023-08-01,48.29,web
200711,2023-12-19,17.73,web
200792,2023-05-27,15.16,store
200444,2023-09-04,8.58,web
200884,2023-07-05,23.76,web
200154,2023-11-18,59.51,store
200784,2023-08-25,65.87,web
200763,2023-06-10,28.64,web
200089,2023-03-31,104.25,store
200137,2023-04-25,50.3,web
200033,2023-01-28,77.2,web
200249,2023-02-26,21.52,web
200892,2023-07-05,26.78,web
200111,2023-01-12,30.05,store
200030,2023-06-22,26.49,web
200413,2023-01-16,3.0,callcenter
200318,2023-03-01,36.37,web
200566,2023-09-10,45.38,web
200545,2023-01-11,43.25,partner
200744,2023-05-03,112.15,web
200373,2023-03-11,118.12,store
200415,2023-01-20,6.03,web
200020,2023-03-17,91.03,callcenter
200873,2023-02-10,107.85,web
200191,2023-01-30,3.93,web
200536,2023-08-31,57.84,store
200792,2023-02-15,37.14,web
200543,2023-12-09,104.13,partner
200562,2023-06-27,99.53,partner
200157,2023-05-29,193.67,store
200638,2023-11-16,59.39,web
200171,2023-10-11,51.87,store
200622,2023-06-03,17.65,web
200518,2023-12-22,23.26,web
200440,2023-07-13,53.72,web
200648,2023-09-16,22.32,web
200647,2023-12-20,-36.94,web
200184,2023-09-21,7.07,store
200338,2023-08-04,39.0,web
200435,2023-08-13,4.65,web
200136,2023-08-27,75.35,web
200320,2023-12-23,40.62,store
200037,2023-09-13,20.8,store
200394,2023-04-20,31.45,web
200185,2023-01-09,22.55,store
200199,2023-10-13,16.67,partner
200736,2023-06-28,25.25,web
200126,2023-06-01,25.41,partner
200108,2023-12-08,28.92,callcenter
200288,2023-02-26,2.66,callcenter
200021,2023-01-14,79.48,web
200782,2023-09-27,80.6,web
200888,2023-12-04,34.56,store
200724,2023-10-30,121.98,web
200719,2023-11-14,26.84,web
200091,2023-11-12,38.24,web
200499,2023-09-08,51.33,web
200079,2023-12-03,37.41,web
200270,2023-05-05,20.9,web
200443,2023-09-29,36.09,store
200613,2023-02-03,9.64,web
200249,2023-07-12,16.75,web
200230,2023-04-17,68.84,callcenter
200741,2023-12-09,170.97,store
200201,2023-06-09,20.24,web
200437,2023-03-18,30.33,web
200258,2023-07-27,28.88,store
200767,2023-01-29,42.6,store
200481,2023-02-16,74.93,partner
200097,2023-06-07,39.51,web
200133,2023-08-19,10.15,store
200873,2023-08-01,21.73,web
200846,2023-01-21,47.11,callcenter
200690,2023-09-06,26.23,web
200069,2023-01-22,27.1,web
200658,2023-10-25,27.72,store
200594,2023-01-15,33.92,store
200846,2023-01-10,15.6,store
200437,2023-07-08,67.94,web
200423,2023-10-20,10.07,partner
200569,2023-10-07,46.34,store
200134,2023-08-08,22.89,web
200670,2023-03-07,37.24,partner
200447,2023-12-14,88.86,web
200169,2023-01-08,87.49,store
200733,2023-05-07,73.63,web
200238,2023-10-03,99.74,web
200773,2023-08-14,153.16,web
200245,2023-10-16,68.1,web
200439,2023-10-07,51.32,web
200393,2023-12-09,15.8,web
200659,2023-07-08,57.84,store
200167,2023-10-27,38.82,web
200222,2023-02-26,113.68,store
200173,2023-03-05,63.94,web
200207,2023-01-19,12.67,web
200407,2023-03-16,45.14,web
200527,2023-02-10,69.82,store
200777,2023-10-28,38.25,web
200379,2023-06-30,150.31,callcenter
200368,2023-06-12,62.16,store
200144,2023-08-22,16.28,callcenter
200089,2023-05-12,15.18,web
200685,2023-07-28,18.58,store
200569,2023-01-02,23.99,store
200478,2023-09-18,36.84,web
200399,2023-11-15,-47.59,partner
200468,2023-01-15,88.93,web
200761,2023-01-30,68.37,web
200170,2023-02-19,27.75,store
200448,2023-08-10,27.96,web
200217,2023-10-05,65.79,web
200094,2023-10-28,23.79,store
200623,2023-10-13,54.14,web
200634,2023-07-30,8.77,store
200766,2023-09-14,49.15,web
200019,2023-04-13,-44.33,partner
200159,2023-09-30,24.08,web
200517,2023-03-08,11.37,web
200731,2023-12-18,9.68,web
200846,2023-01-16,41.96,store
200709,2023-12-11,47.26,web
200814,2023-06-18,5.06,web
200733,2023-08-24,4.85,web
200284,2023-02-28,13.73,web
200523,2023-04-27,15.57,partner
200571,2023-11-11,19.47,store
200316,2023-01-06,42.14,web
200797,2023-03-11,73.91,web
200693,2023-08-19,74.74,store
200465,2023-10-21,58.35,store
200431,2023-06-07,72.42,web
200713,2023-02-01,16.2,partner
200199,2023-02-23,57.26,web
200196,2023-11-21,62.78,web
200362,2023-03-20,7.69,partner
200114,2023-07-31,89.67,store
200411,2023-12-08,64.86,web
200389,2023-05-18,21.7,callcenter
200454,2023-01-25,6.17,partner
200415,2023-10-24,41.34,callcenter
200807,2023-10-15,27.68,store
200247,2023-08-26,10.96,store
200370,2023-11-26,36.28,web
200664,2023-10-11,24.19,web
200256,2023-09-09,65.23,web
200590,2023-05-02,4.66,partner
200866,2023-01-23,70.01,web
200337,2023-09-22,34.21,partner
200217,2023-11-05,57.7,web
200171,2023-09-11,94.92,web
200010,2023-08-27,48.19,web
200255,2023-09-20,69.21,web
200764,2023-04-12,8.63,web
200229,2023-02-12,9.76,web
200859,2023-08-18,27.31,store
200857,2023-12-11,20.62,web
200613,2023-02-19,51.14,web
200882,2023-01-26,51.1,web
200366,2023-09-16,-80.95,web
200860,2023-06-04,34.01,partner
200489,2023-11-26,8.64,partner
200072,2023-06-22,81.56,web
200748,2023-07-10,78.87,web
200855,2023-01-23,27.61,web
200796,2023-12-14,80.48,store
200375,2023-05-01,7.63,web
200092,2023-06-09,29.32,store
200526,2023-08-18,13.29,web
200781,2023-11-10,67.99,store
200756,2023-10-18,20.96,web
200555,2023-10-10,74.07,web
200707,2023-02-08,12.22,web
200029,2023-02-02,133.53,store
200561,2023-10-31,27.14,store
200097,2023-11-30,24.81,store
200674,2023-08-16,64.49,web
200040,2023-11-29,48.1,store
200535,2023-04-26,27.38,web
200853,2023-05-09,24.12,store
200100,2023-03-04,107.12,store
200383,2023-10-17,32.47,web
200036,2023-09-02,33.51,partner
200644,2023-03-23,12.26,partner
200832,2023-12-31,91.76,callcenter
200001,2023-01-12,16.08,web
200491,2023-10-09,14.57,partner
200713,2023-03-17,70.39,web
200022,2023-10-14,0.76,web
200433,2023-06-26,40.69,web
200116,2023-03-27,24.71,web
200831,2023-01-22,30.08,web
200458,2023-08-15,16.57,partner
200468,2023-02-28,20.65,web
200897,2023-06-14,5.1,web
200709,2023-12-13,64.53,partner
200282,2023-11-20,27.52,web
200566,2023-06-30,74.16,callcenter
200267,2023-09-25,145.39,callcenter
200468,2023-10-28,12.64,web
200731,2023-08-10,55.47,web
200853,2023-03-17,14.22,web
200856,2023-10-24,18.44,callcenter
200446,2023-02-02,32.27,web
200805,2023-07-10,129.98,web
200803,2023-10-12,25.76,store
200491,2023-07-28,31.51,store
200032,2023-05-08,40.78,store
200107,2023-06-01,30.99,web
200591,2023-06-17,12.59,store
200747,2023-09-29,78.56,store
200820,2023-12-29,23.51,web
200218,2023-10-12,8.45,store
200809,2023-04-26,43.62,web
200743,2023-02-10,82.05,web
200436,2023-06-22,16.39,web
200336,2023-11-10,27.83,web
200424,2023-08-20,33.3,web
200607,2023-04-28,21.93,web
200729,2023-02-02,34.27,web
200154,2023-04-03,104.61,store
200301,2023-09-19,34.84,web
200108,2023-09-02,50.84,partner
200843,2023-06-14,-24.86,web
200366,2023-05-02,42.77,web
200225,2023-03-05,46.97,web
200182,2023-12-21,61.7,store
200066,2023-06-07,22.8,store
200424,2023-10-08,28.83,web
200694,2023-06-18,66.32,web
200290,2023-07-27,24.64,web
200364,2023-08-22,12.55,web
200572,2023-05-10,22.01,web
200320,2023-12-09,64.78,store
200665,2023-06-16,71.88,web
200288,2023-10-07,56.64,partner
200401,2023-12-01,80.33,web
200882,2023-05-20,99.06,web
200752,2023-03-27,58.85,callcenter
200514,2023-12-20,30.94,web
200352,2023-10-14,9.07,partner
200892,2023-10-16,11.68,web
200416,2023-12-12,17.41,web
200309,2023-01-11,73.82,partner
200536,2023-12-11,18.56,web
200372,2023-02-12,18.41,web
200800,2023-02-23,20.19,web
200190,2023-03-21,34.15,web
200045,2023-02-11,43.64,web
200387,2023-01-31,43.54,store
200853,2023-02-15,20.75,web
200055,2023-06-27,70.51,store
200727,2023-05-16,32.16,store
200000,2023-05-05,63.7,partner
200501,2023-03-04,35.88,callcenter
200407,2023-12-22,20.11,partner
200143,2023-05-02,25.48,web
200671,2023-06-22,16.55,web
200157,2023-02-21,8.08,store
200393,2023-03-19,39.24,web
200502,2023-03-27,14.31,web
200466,2023-12-21,10.35,partner
200028,2023-03-06,61.46,web
200401,2023-07-07,83.93,web
200589,2023-07-18,18.48,web
200474,2023-01-27,232.03,web
200657,2023-05-09,60.16,web
200698,2023-01-30,-38.95,callcenter
200161,2023-03-05,5.07,web
200723,2023-09-04,50.22,web
200805,2023-07-27,12.66,web
200754,2023-06-30,14.67,web
200766,2023-03-19,54.12,web
200191,2023-08-16,122.34,web
200586,2023-11-27,40.31,store
200412,2023-11-07,69.95,web
200885,2023-03-05,120.79,web
200747,2023-09-06,7.96,store
200145,2023-03-31,54.74,web
200847,2023-11-11,85.91,web
200627,2023-06-22,76.78,web
200488,2023-09-29,81.58,web
200401,2023-07-16,22.85,web
200443,2023-09-04,44.81,web
200693,2023-12-08,86.58,web
200688,2023-02-19,53.29,web
200496,2023-11-26,11.14,web
200892,2023-06-26,13.44,store
200209,2023-02-21,78.41,web
200383,2023-06-08,1.61,web
200538,2023-01-21,55.77,callcenter
200148,2023-07-17,63.74,store
200448,2023-06-22,48.61,web
200750,2023-05-23,63.99,web
200607,2023-06-12,63.57,callcenter
200639,2023-08-15,2.59,store
200145,2023-10-29,5.57,store
200130,2023-05-24,18.7,store
200397,2023-01-07,48.47,partner
200291,2023-07-23,44.69,web
200009,2023-12-11,13.77,store
200497,2023-05-25,89.78,web
200678,2023-02-14,143.4,web
200658,2023-11-26,63.56,web
200092,2023-06-03,44.05,store
200702,2023-05-17,49.06,web
200342,2023-04-18,20.36,store
200140,2023-09-24,10.57,callcenter
200424,2023-02-23,71.29,web
200195,2023-08-13,63.12,web
200605,2023-05-08,71.85,web
200669,2023-05-21,47.18,web
200653,2023-03-20,9.78,web
200104,2023-10-22,9.08,store
200313,2023-06-15,14.19,store
200448,2023-12-05,98.57,web
200886,2023-10-30,8.26,web
200491,2023-10-05,31.56,web
200588,2023-06-14,22.36,web
200305,2023-12-13,9.43,callcenter
200265,2023-08-02,51.59,web
200716,2023-06-09,100.78,web
200751,2023-05-07,33.89,web
200049,2023-11-30,6.73,store
200484,2023-04-03,27.23,web
200699,2023-11-16,21.19,web
200142,2023-03-25,27.39,web
200581,2023-10-06,29.99,store
200426,2023-04-13,112.4,web
200456,2023-11-01,49.34,web
200534,2023-11-01,48.89,callcenter
200785,2023-09-24,20.81,store
200078,2023-12-29,69.58,web
200182,2023-07-06,75.93,web
200310,2023-11-03,56.76,web
200720,2023-07-21,52.96,store
200533,2023-01-15,9.01,web
200168,2023-06-02,-47.68,store
200021,2023-01-12,94.47,web
200891,2023-08-31,49.45,web
200123,2023-02-25,62.94,store
200029,2023-04-29,27.48,store
200365,2023-11-15,19.35,store
200497,2023-09-27,12.65,web
200232,2023-05-03,83.99,web
200151,2023-07-04,32.47,web
200077,2023-08-01,76.47,web
200367,2023-05-09,24.67,web
200856,2023-10-01,80.12,web
200133,2023-02-23,38.07,partner
200515,2023-06-05,27.27,callcenter
200174,2023-04-04,27.46,store
200606,2023-09-05,67.73,partner
200054,2023-08-22,49.36,web
200182,2023-10-22,68.03,partner
200007,2023-05-15,93.56,web
200583,2023-03-26,-30.55,web
200647,2023-01-13,57.51,web
200154,2023-11-11,34.05,web
200408,2023-05-01,25.65,store
200263,2023-10-03,49.89,web
200041,2023-05-14,8.93,partner
200033,2023-05-02,73.21,callcenter
200845,2023-03-27,45.69,store
200582,2023-10-13,20.16,web
200599,2023-04-15,46.51,store
200265,2023-04-19,6.25,web
200237,2023-09-15,12.24,web
200715,2023-07-09,-12.31,web
200394,2023-09-30,11.02,web
200091,2023-02-07,31.25,web
200440,2023-12-16,46.34,web
200469,2023-03-28,179.73,web
200512,2023-02-13,81.26,store
200483,2023-02-09,4.43,partner
200771,2023-04-24,114.43,partner
200219,2023-06-04,20.4,web
200530,2023-01-29,54.39,partner
200798,2023-08-16,32.0,store
200880,2023-08-12,119.49,web
200868,2023-10-11,76.45,web
200654,2023-01-06,107.86,web
200096,2023-02-05,56.63,web
200889,2023-03-16,24.57,partner
200029,2023-06-09,62.86,web
200495,2023-08-03,93.59,web
200402,2023-03-15,17.52,store
200610,2023-05-11,51.45,store
200704,2023-07-07,70.45,store
200664,2023-07-18,22.65,web
200204,2023-07-12,27.62,store
200679,2023-08-22,34.3,web
200682,2023-10-03,51.84,store
200021,2023-11-03,-38.12,callcenter
200573,2023-12-19,41.26,store
200114,2023-05-24,128.31,web
200505,2023-04-30,36.96,partner
200204,2023-04-12,102.43,web
200322,2023-05-08,167.67,web
200244,2023-07-16,19.02,store
200775,2023-08-09,77.93,web
200814,2023-01-26,25.99,web
200718,2023-12-31,75.46,web
200650,2023-01-16,25.22,web
200326,2023-05-27,3.79,web
200128,2023-06-15,67.51,store
200511,2023-05-07,42.25,store
200383,2023-03-21,96.17,partner
200254,2023-07-13,24.91,callcenter
200218,2023-01-03,36.65,callcenter
200144,2023-09-29,23.81,web
200746,2023-09-05,11.85,web
200289,2023-10-09,50.35,store
200826,2023-10-25,36.8,partner
200602,2023-11-20,5.95,store
200147,2023-02-23,98.46,store
200056,2023-11-01,40.6,partner
200374,2023-07-25,23.2,web
200073,2023-02-15,68.19,web
200857,2023-12-26,82.88,web
200816,2023-10-24,13.16,store
200591,2023-04-09,11.15,web
200263,2023-11-22,27.64,web
200781,2023-09-24,52.9,web
200582,2023-06-13,110.58,web
200321,2023-03-01,1.47,web
200791,2023-09-24,134.2,partner
200188,2023-12-07,43.91,partner
200511,2023-03-12,93.4,web
200622,2023-01-01,88.86,web
200817,2023-03-25,36.84,web
200123,2023-04-18,27.12,web
200258,2023-05-19,55.74,store
200755,2023-12-23,44.8,store
200449,2023-12-18,22.04,web
200679,2023-09-02,36.9,store
200696,2023-03-21,29.47,partner
200274,2023-03-19,39.7,web
200298,2023-01-30,82.76,partner
200448,2023-10-16,29.27,web
200025,2023-03-22,48.34,web
200719,2023-11-24,36.33,web
200103,2023-08-08,35.99,web
200841,2023-06-27,31.83,web
200700,2023-12-06,56.94,web
200316,2023-02-26,2.25,web
200065,2023-06-19,57.63,store
200710,2023-04-05,45.97,web
200403,2023-03-08,43.67,web
200175,2023-12-11,63.86,store
200386,2023-08-09,6.86,store
200813,2023-02-28,80.84,store
200619,2023-02-09,31.02,web
200617,2023-04-24,29.55,partner
200463,2023-11-01,17.9,web
200137,2023-02-23,20.11,store
200854,2023-09-28,6.55,web
200665,2023-02-08,40.94,partner
200463,2023-05-03,24.74,web
200651,2023-07-10,71.77,callcenter
200326,2023-02-17,50.28,partner
200668,2023-05-25,44.87,web
200871,2023-04-08,27.03,web
200310,2023-01-17,33.13,web
200007,2023-01-01,108.06,web
200665,2023-02-22,26.72,web
200766,2023-10-01,1.79,web
200743,2023-01-14,31.95,web
200877,2023-07-04,15.78,web
200312,2023-01-09,29.86,web
200826,2023-03-20,39.28,web
200187,2023-03-07,16.04,web
200528,2023-05-05,6.0,web
200799,2023-09-29,32.46,web
200823,2023-06-03,98.09,partner
200558,2023-01-06,37.7,store
200491,2023-02-22,47.02,callcenter
200414,2023-04-22,28.59,web
200780,2023-04-12,53.42,web
200791,2023-07-26,64.49,web
200215,2023-05-09,85.72,web
200122,2023-09-29,103.82,callcenter
200732,2023-04-03,49.32,store
200729,2023-09-05,87.44,callcenter
200089,2023-02-06,72.05,partner
200441,2023-12-27,54.4,web
200455,2023-12-27,37.06,web
200038,2023-04-11,4.16,web
200597,2023-03-27,146.37,store
200875,2023-01-01,41.41,store
200190,2023-12-23,26.2,web
200700,2023-01-14,26.28,partner
200072,2023-01-01,-63.84,store
200193,2023-02-05,12.54,callcenter
200508,2023-04-18,97.9,web
200831,2023-12-22,48.82,store
200796,2023-03-02,21.69,store
200841,2023-07-28,57.72,web
200888,2023-08-26,67.84,web
200720,2023-10-19,20.89,web
200327,2023-09-13,56.25,web
200114,2023-12-26,28.85,store
200739,2023-08-30,29.31,partner
200167,2023-11-05,31.93,callcenter
200468,2023-04-27,2.2,web
200678,2023-05-29,81.06,store
200031,2023-09-27,29.85,web
200822,2023-11-16,28.97,web
200273,2023-01-02,88.95,partner
200193,2023-06-08,52.11,callcenter
200334,2023-10-20,-18.85,callcenter
200414,2023-02-11,46.95,web
200409,2023-05-09,53.42,store
200139,2023-07-20,33.28,web
200170,2023-01-31,121.05,store
200430,2023-12-01,32.16,web
200203,2023-05-15,38.06,web
200578,2023-10-14,39.26,callcenter
200809,2023-06-06,-64.72,web
200016,2023-05-27,17.2,partner
200032,2023-12-19,70.82,web
200578,2023-11-09,156.03,partner
200025,2023-07-08,9.8,callcenter
200575,2023-06-19,18.3,web
200441,2023-10-12,8.32,web
200409,2023-09-07,3.38,partner
200545,2023-12-24,17.83,web
200805,2023-05-02,18.96,web
200114,2023-02-11,68.11,web
200121,2023-03-13,87.33,web
200626,2023-07-12,46.68,web
200046,2023-04-25,80.07,web
200386,2023-10-23,63.94,web
200446,2023-11-16,22.74,callcenter
200352,2023-03-10,51.1,web
200479,2023-12-28,15.8,web
200102,2023-08-19,38.06,partner
200240,2023-04-07,44.69,store
200004,2023-03-15,58.71,web
200865,2023-03-02,112.34,web
200748,2023-06-21,11.81,web
200228,2023-01-26,37.27,callcenter
200032,2023-02-17,98.84,partner
200243,2023-10-03,21.24,web
200860,2023-06-28,16.48,web
200729,2023-07-12,62.98,store
200593,2023-04-29,-56.16,partner
200830,2023-07-22,8.4,web
200158,2023-05-06,24.19,callcenter
200482,2023-01-17,14.08,partner
200714,2023-07-27,14.14,web
200017,2023-01-30,53.21,web
200391,2023-09-09,53.13,web
200319,2023-11-30,37.44,partner
200159,2023-09-01,11.63,web
200201,2023-07-30,14.58,partner
200871,2023-12-18,49.93,partner
200459,2023-03-22,9.51,store
200073,2023-10-10,5.75,web
200614,2023-03-17,25.8,web
200532,2023-01-01,37.57,web
200353,2023-03-29,6.84,web
200357,2023-07-03,-51.55,store
200483,2023-01-24,34.35,web
200835,2023-04-12,13.31,web
200683,2023-01-19,40.29,store
200360,2023-03-30,4.24,web
200221,2023-09-20,27.58,callcenter
200097,2023-02-25,28.6,store
200176,2023-04-07,37.93,web
200123,2023-02-19,41.57,partner
200725,2023-05-21,65.22,web
200518,2023-10-05,36.24,web
200033,2023-07-16,9.13,web
200833,2023-03-15,16.54,web
200135,2023-04-27,185.79,partner
200580,2023-09-02,6.79,callcenter
200011,2023-06-24,134.41,store
200529,2023-06-17,-121.31,web
200499,2023-11-12,8.93,web
200817,2023-10-26,73.79,web
200540,2023-03-31,50.97,web
200440,2023-09-15,83.39,partner
200477,2023-10-16,17.2,web
200569,2023-11-25,51.14,web
200372,2023-04-07,20.91,store
200642,2023-09-23,13.54,store
200476,2023-03-10,39.93,callcenter
200872,2023-06-12,63.63,callcenter
200174,2023-01-27,59.45,web
200656,2023-08-09,77.59,callcenter
200743,2023-09-07,18.47,callcenter
200646,2023-06-13,120.72,partner
200882,2023-05-31,39.05,callcenter
200390,2023-03-30,12.83,store
200486,2023-10-09,73.53,web
200138,2023-11-29,34.96,partner
200336,2023-02-18,23.31,web
200143,2023-04-11,35.15,callcenter
200712,2023-08-09,5.52,web
200703,2023-05-14,104.52,web
200173,2023-01-05,55.63,partner
200722,2023-01-08,-39.1,web
200288,2023-03-27,28.98,web
200656,2023-12-20,80.31,store
200845,2023-08-11,108.71,web
200746,2023-04-04,11.39,partner
200167,2023-01-21,39.06,partner
200162,2023-10-04,48.67,web
200100,2023-05-18,79.79,store
200757,2023-05-24,61.81,web
200491,2023-07-25,51.09,store
200140,2023-03-25,36.24,web
200528,2023-09-23,9.99,web
200476,2023-04-25,41.23,partner
200537,2023-09-15,30.05,web
200571,2023-07-08,11.31,partner
200148,2023-02-24,108.9,web
200348,2023-08-16,38.58,callcenter
200649,2023-01-28,60.59,store
200818,2023-09-18,31.19,store
200218,2023-05-18,15.0,web
200513,2023-09-02,63.84,store
200853,2023-03-29,113.97,web
200541,2023-05-29,78.98,store
200205,2023-04-22,52.73,partner
200525,2023-04-02,30.37,store
200015,2023-05-06,45.48,web
200440,2023-01-20,62.38,partner
200511,2023-05-25,28.24,store
200050,2023-02-14,61.77,store
200182,2023-07-09,32.32,partner
200889,2023-02-03,3.84,web
200565,2023-01-04,15.81,web
200412,2023-06-10,33.71,web
200206,2023-04-19,41.18,store
200111,2023-11-17,73.52,web
200385,2023-04-07,47.62,store
200490,2023-05-26,7.37,web
200161,2023-03-28,62.35,store
200720,2023-11-21,29.16,web
200385,2023-10-15,9.89,web
200050,2023-03-04,61.95,web
200122,2023-04-02,69.09,store
200775,2023-03-10,42.95,web
200304,2023-02-25,49.39,store
200335,2023-03-29,41.87,web
200179,2023-11-07,-60.5,store
200727,2023-06-17,33.03,web
200734,2023-05-20,3.37,web
200218,2023-03-11,16.06,partner
200656,2023-03-09,19.08,callcenter
200407,2023-07-22,29.31,web
200150,2023-10-02,31.98,web
200716,2023-07-23,101.58,store
200074,2023-08-28,38.1,callcenter
200786,2023-04-06,49.37,web
200023,2023-12-12,34.05,store
200290,2023-10-28,41.92,web
200204,2023-11-17,48.96,web
200211,2023-09-01,79.2,web
200432,2023-09-11,77.92,store
200676,2023-01-26,9.54,store
200359,2023-02-28,19.73,store
200464,2023-02-18,29.13,web
200874,2023-06-26,73.67,web
200448,2023-08-03,45.62,web
200713,2023-02-13,31.86,web
200346,2023-10-02,12.34,web
200070,2023-07-20,64.22,store
200230,2023-08-06,81.71,web
200143,2023-12-01,16.78,partner
200816,2023-08-02,7.08,store
200023,2023-01-02,35.72,web
200740,2023-10-08,36.44,partner
200124,2023-11-16,97.98,web
200135,2023-01-31,22.86,web
200476,2023-07-16,19.58,store
200072,2023-06-21,18.91,callcenter
200069,2023-02-25,13.24,web
200698,2023-04-11,32.5,web
200053,2023-11-09,66.99,partner
200537,2023-05-23,69.06,web
200106,2023-07-15,13.86,partner
200077,2023-10-11,75.87,web
200602,2023-06-13,38.55,callcenter
200352,2023-11-22,5.07,web
200017,2023-07-02,61.64,callcenter
200613,2023-12-26,78.73,store
200872,2023-02-23,24.14,callcenter
200504,2023-11-21,37.89,web
200342,2023-02-11,31.6,web
200759,2023-10-24,40.61,web
200302,2023-08-30,30.83,partner
200551,2023-07-24,43.72,web
200427,2023-11-18,3.1,web
200653,2023-08-22,23.29,web
200466,2023-09-11,33.77,store
200433,2023-10-03,56.55,store
200378,2023-11-03,3.16,web
200266,2023-03-26,-79.0,store
200437,2023-11-05,38.1,web
200054,2023-08-03,74.53,callcenter
200305,2023-01-12,48.36,partner
200068,2023-12-02,93.0,web
200289,2023-10-09,50.66,web
200316,2023-11-22,7.61,store
200024,2023-10-09,58.5,partner
200266,2023-05-07,41.01,callcenter
200604,2023-05-08,22.0,web
200872,2023-04-11,42.39,web
200555,2023-05-30,51.54,web
200640,2023-01-13,44.15,web
200601,2023-09-30,-9.74,callcenter
200850,2023-10-02,99.19,callcenter
200846,2023-12-27,64.73,web
200102,2023-07-20,36.24,web
200425,2023-12-27,29.09,store
200817,2023-03-18,94.87,web
200793,2023-06-22,43.84,store
200481,2023-10-13,10.39,store
200399,2023-10-16,95.16,store
200052,2023-10-10,25.53,web
200429,2023-06-20,-10.28,store
200455,2023-01-27,44.52,store
200569,2023-11-13,20.86,store
200469,2023-05-20,33.37,store
200194,2023-08-26,49.86,partner
200871,2023-02-18,0.96,web
200195,2023-12-08,40.4,web
200344,2023-04-04,81.41,web
200458,2023-12-30,11.32,store
200263,2023-09-19,2.36,web
200061,2023-05-01,66.33,web
200550,2023-05-15,38.96,web
200212,2023-12-24,54.31,callcenter
200791,2023-08-05,25.81,store
200714,2023-09-10,43.55,web
200385,2023-08-12,95.9,web
200417,2023-03-28,54.9,web
200854,2023-02-18,12.69,partner
200023,2023-01-02,-76.76,partner
200340,2023-05-28,34.62,store
200054,2023-09-07,3.69,web
200124,2023-04-21,17.72,callcenter
200827,2023-03-23,14.3,web
200091,2023-05-22,33.3,store
200861,2023-03-26,78.28,web
200705,2023-06-08,-64.17,web
200576,2023-07-21,21.56,web
200667,2023-04-10,51.1,web
200166,2023-01-12,24.2,partner
200105,2023-02-07,28.84,store
200331,2023-06-01,46.3,callcenter
200687,2023-03-06,11.27,store
200274,2023-10-19,30.94,web
200158,2023-03-02,31.3,web
200706,2023-01-10,19.33,store
200570,2023-08-15,50.53,web
200483,2023-08-16,50.85,web
200371,2023-09-03,15.54,web
200701,2023-02-27,10.86,store
200660,2023-09-06,34.91,store
200324,2023-11-11,17.15,web
200116,2023-08-09,26.14,partner
200782,2023-05-23,0.78,callcenter
200123,2023-06-25,31.06,store
200386,2023-10-24,27.18,web
200806,2023-02-22,11.72,store
200375,2023-09-22,61.57,web
200748,2023-04-09,26.63,web
200440,2023-11-17,38.28,store
200670,2023-02-21,59.29,callcenter
200532,2023-07-08,52.89,web
200252,2023-05-27,8.73,web
200804,2023-06-27,39.67,web
200420,2023-05-20,19.05,store
200411,2023-01-14,74.0,store
200592,2023-11-10,110.07,web
200837,2023-07-14,80.84,web
200784,2023-08-08,60.64,callcenter
200354,2023-07-10,33.59,partner
200208,2023-07-13,64.33,partner
200292,2023-08-10,5.89,web
200236,2023-06-03,21.0,callcenter
200265,2023-02-17,51.26,web
200387,2023-01-11,30.46,web
200019,2023-07-17,13.5,web
200479,2023-03-09,50.31,callcenter
200764,2023-06-15,91.65,web
200387,2023-08-09,86.24,callcenter
200071,2023-08-06,21.29,callcenter
200350,2023-03-03,102.64,partner
200300,2023-08-30,24.7,web
200534,2023-12-10,40.38,web
200225,2023-05-12,71.46,web
200270,2023-02-13,3.0,web
200669,2023-07-03,38.6,web
200157,2023-08-14,16.71,store
200839,2023-05-25,27.3,partner
200267,2023-08-07,71.44,callcenter
200735,2023-10-07,24.55,web
200073,2023-07-30,33.7,web
200287,2023-10-18,35.13,web
200339,2023-02-23,58.17,partner
200410,2023-04-17,68.36,web
200082,2023-07-22,44.55,web
200222,2023-04-05,26.56,web
200789,2023-12-29,42.04,store
200831,2023-09-05,25.61,web
200396,2023-05-31,108.49,callcenter
200106,2023-10-10,33.76,callcenter
200247,2023-12-25,79.41,partner
200856,2023-01-04,79.76,web
200826,2023-07-23,44.71,callcenter
200732,2023-06-06,48.91,web
200776,2023-10-03,49.05,web
200640,2023-04-23,56.15,web
200561,2023-04-29,12.81,store
200696,2023-10-07,141.78,web
200581,2023-11-22,41.6,web
200305,2023-02-22,91.32,callcenter
200577,2023-08-13,42.2,web
200266,2023-10-12,44.06,web
200562,2023-03-02,22.15,callcenter
200343,2023-08-30,25.0,partner
200438,2023-12-24,4.91,web
200163,2023-11-04,124.41,web
200861,2023-03-12,81.19,web
200671,2023-12-28,22.08,web
200096,2023-05-11,39.15,web
200427,2023-06-23,56.72,web
200408,2023-04-17,13.85,store
200797,2023-09-13,20.28,web
200679,2023-02-15,35.15,web
200790,2023-09-17,95.67,web
200420,2023-01-21,21.53,web
200140,2023-11-05,57.85,store
200649,2023-04-29,120.17,store
200196,2023-07-09,81.86,callcenter
200572,2023-03-25,12.32,web
200369,2023-02-09,25.72,web
200314,2023-01-09,35.33,store
200106,2023-12-24,18.98,web
200720,2023-02-19,72.91,web
200620,2023-01-21,11.11,store
200307,2023-07-07,21.93,web
200663,2023-12-18,48.55,web
200887,2023-01-31,37.48,web
200649,2023-04-04,18.74,web
200854,2023-07-22,102.85,web
200423,2023-06-29,14.69,web
200339,2023-02-23,65.72,store
200758,2023-12-13,54.81,web
200596,2023-05-11,57.18,web
200545,2023-09-04,7.96,web
200577,2023-06-17,35.65,web
200894,2023-08-02,45.25,web
200618,2023-11-27,50.31,partner
200733,2023-04-29,32.41,web
200032,2023-10-25,58.1,partner
200650,2023-04-17,33.87,callcenter
200285,2023-04-26,17.93,web
200110,2023-01-12,18.96,web
200248,2023-05-07,-52.06,web
200749,2023-08-03,-19.76,partner
200735,2023-08-22,61.35,callcenter
200275,2023-06-06,19.64,store
200172,2023-05-11,13.21,callcenter
200377,2023-03-23,125.63,store
200298,2023-11-27,90.08,store
200416,2023-05-21,40.74,partner
200705,2023-04-22,24.93,web
200298,2023-12-10,62.13,web
200156,2023-08-21,144.2,store
200097,2023-11-06,27.43,store
200616,2023-05-22,122.17,web
200179,2023-06-07,24.82,web
200197,2023-09-24,9.54,web
200723,2023-12-24,39.11,web
200083,2023-10-15,7.75,web
200587,2023-06-18,59.89,web
200010,2023-08-07,12.33,web
200848,2023-05-08,53.8,web
200642,2023-06-16,69.53,web
200738,2023-05-22,114.57,partner
200599,2023-02-06,9.66,store
200361,2023-11-16,21.91,web
200895,2023-02-19,28.7,store
200707,2023-04-08,56.07,web
200079,2023-04-03,33.83,store
200518,2023-03-23,15.48,partner
200488,2023-07-01,24.62,web
200257,2023-12-17,44.43,web
200410,2023-04-30,27.14,store
200877,2023-09-26,-103.8,web
200077,2023-09-25,50.0,callcenter
200835,2023-10-06,15.49,callcenter
200630,2023-08-16,36.43,web
200100,2023-09-28,58.51,store
200274,2023-10-05,46.79,callcenter
200755,2023-09-07,25.83,partner
200633,2023-07-23,32.17,web
200069,2023-02-03,35.66,web
200132,2023-07-05,75.07,web
200835,2023-10-03,59.67,store
200141,2023-05-05,9.39,web
200561,2023-04-01,100.37,web
200896,2023-08-05,121.69,web
200149,2023-02-18,27.9,web
200039,2023-09-20,53.9,web
200735,2023-12-25,180.15,web
200854,2023-06-26,-38.0,web
200464,2023-01-11,44.3,store
200209,2023-04-10,62.76,web
200053,2023-01-12,91.68,web
200820,2023-06-17,6.55,web
200718,2023-04-24,37.15,web
200806,2023-10-10,91.47,web
200709,2023-11-05,64.24,store
200389,2023-06-08,50.18,store
200433,2023-12-23,44.5,web
200344,2023-06-14,88.37,callcenter
200657,2023-02-13,58.9,store
200090,2023-11-28,115.62,partner
200036,2023-05-25,33.53,web
200865,2023-11-20,-3.83,web
200286,2023-09-26,81.04,store
200031,2023-12-09,30.77,store
200605,2023-08-24,40.04,store
200359,2023-08-05,46.62,web
200207,2023-03-27,25.32,web
200391,2023-04-12,11.89,partner
200405,2023-05-01,77.48,web
200550,2023-04-24,1.01,store
200838,2023-08-05,147.63,web
200792,2023-11-14,40.84,web
200744,2023-01-13,3.92,store
200443,2023-08-14,85.65,store
200502,2023-10-04,6.38,web
200118,2023-06-11,24.5,web
200519,2023-04-11,124.19,web
200604,2023-06-07,55.58,store
200798,2023-10-30,49.74,web
200041,2023-11-30,54.79,web
200776,2023-09-07,17.92,web
200466,2023-06-27,56.99,store
200079,2023-08-24,51.76,web
200896,2023-09-05,35.24,web
200419,2023-10-08,101.25,web
200370,2023-02-22,69.84,web
200171,2023-01-28,13.88,web
200066,2023-05-07,28.76,store
200074,2023-04-05,24.18,web
200240,2023-08-13,18.41,store
200263,2023-07-10,92.96,web
200416,2023-12-02,28.63,web
200549,2023-10-11,70.76,web
200892,2023-02-23,57.98,callcenter
200714,2023-11-06,13.54,web
200437,2023-10-09,92.94,web
200821,2023-05-20,38.03,web
200502,2023-01-22,28.69,web
200380,2023-10-17,10.13,web
200195,2023-03-12,19.4,partner
200380,2023-03-22,15.7,web
200036,2023-06-21,7.61,callcenter
200137,2023-01-31,54.96,web
200850,2023-05-26,16.35,store
200175,2023-04-01,42.72,store
200510,2023-01-20,86.45,web
200092,2023-11-26,65.08,web
200541,2023-04-06,47.79,web
200878,2023-07-18,-4.47,web
200411,2023-10-26,7.65,store
200114,2023-06-25,-23.16,web
200020,2023-04-17,50.66,store
200680,2023-09-29,16.08,web
200092,2023-09-10,15.67,callcenter
200285,2023-01-04,83.51,partner
200759,2023-10-26,31.86,web
200483,2023-02-13,8.08,partner
200785,2023-09-27,51.59,web
200785,2023-02-06,11.63,web
200595,2023-01-24,50.6,partner
200842,2023-02-14,27.85,web
200032,2023-09-28,39.83,store
200216,2023-06-15,-15.25,web
200249,2023-08-08,26.49,partner
200820,2023-04-13,23.34,web
200559,2023-02-13,17.12,web
200226,2023-10-14,-27.25,web
200187,2023-10-31,4.5,store
200724,2023-11-03,62.21,store
200772,2023-01-24,59.63,store
200013,2023-12-04,28.62,web
200328,2023-07-17,29.33,web
200481,2023-03-13,26.4,store
200211,2023-03-14,62.09,web
200653,2023-07-03,22.3,web
200682,2023-08-09,72.7,web
200755,2023-01-18,10.45,store
200707,2023-07-01,72.99,web
200757,2023-03-29,2.96,web
200329,2023-12-02,25.56,partner
200268,2023-08-13,62.97,web
200284,2023-05-16,70.17,web
200767,2023-06-04,10.92,web
200584,2023-11-02,52.59,callcenter
200291,2023-09-10,48.52,partner
200649,2023-05-22,54.79,store
200210,2023-11-03,166.94,store
200239,2023-08-15,179.07,web
200001,2023-01-22,85.92,partner
200869,2023-08-19,16.43,partner
200212,2023-12-09,24.31,web
200676,2023-11-12,41.03,web
200106,2023-01-16,25.71,web
200032,2023-11-18,16.52,store
200607,2023-12-25,71.03,web
200088,2023-03-01,10.67,web
200130,2023-08-21,3.3,callcenter
200297,2023-10-03,59.91,web
200526,2023-01-16,-58.39,web
200016,2023-10-30,8.02,web
200113,2023-05-24,7.8,callcenter
200304,2023-04-20,34.01,store
200633,2023-04-05,43.51,store
200087,2023-07-04,26.4,web
200256,2023-10-19,21.93,web
200173,2023-10-27,32.4,store
200277,2023-03-24,56.55,store
200232,2023-10-29,8.44,web
200576,2023-10-29,38.37,web
